timestamp,entry,outcome,gross_pct,net_pct,R,prob
2021-01-29 01:00:00,33945.73,SL,-0.01,-0.012,-1.2,0.5472820401191711
2021-01-29 03:00:00,33756.0,SL,-0.01,-0.012,-1.2,0.5716314315795898
2021-01-29 04:00:00,33093.0,SL,-0.01,-0.012,-1.2,0.5562356114387512
2021-01-29 05:00:00,33030.0,SL,-0.01,-0.012,-1.2,0.5993062853813171
2021-01-29 16:00:00,36100.0,SL,-0.01,-0.012,-1.2,0.5426017045974731
2021-01-30 05:00:00,33534.15,SL,-0.01,-0.012,-1.2,0.5282570123672485
2021-01-30 19:00:00,34337.98,SL,-0.01,-0.012,-1.2,0.5429804921150208
2021-01-31 01:00:00,34225.57,SL,-0.01,-0.012,-1.2,0.6003058552742004
2021-01-31 02:00:00,33789.89,SL,-0.01,-0.012,-1.2,0.6250059604644775
2021-01-31 03:00:00,33962.92,SL,-0.01,-0.012,-1.2,0.5747228264808655
2021-01-31 04:00:00,34055.94,SL,-0.01,-0.012,-1.2,0.7062216401100159
2021-01-31 05:00:00,33788.49,SL,-0.01,-0.012,-1.2,0.7661167979240417
2021-01-31 06:00:00,33683.7,SL,-0.01,-0.012,-1.2,0.6916660666465759
2021-01-31 07:00:00,33632.41,SL,-0.01,-0.012,-1.2,0.5580108165740967
2021-01-31 09:00:00,33332.84,TP,0.02,0.018000000000000002,1.8000000000000003,0.5776928067207336
2021-01-31 10:00:00,33687.93,SL,-0.01,-0.012,-1.2,0.6136342287063599
2021-01-31 13:00:00,33725.83,SL,-0.01,-0.012,-1.2,0.5116457939147949
2021-02-05 00:00:00,37030.23,SL,-0.01,-0.012,-1.2,0.5127443075180054
2021-02-05 02:00:00,36983.26,TP,0.02,0.018000000000000002,1.8000000000000003,0.5499841570854187
2021-02-06 12:00:00,39990.41,TP,0.02,0.018000000000000002,1.8000000000000003,0.5301935076713562
2021-02-06 14:00:00,40338.89,SL,-0.01,-0.012,-1.2,0.5251819491386414
2021-02-07 17:00:00,37916.75,TP,0.02,0.018000000000000002,1.8000000000000003,0.5329207181930542
2021-02-08 03:00:00,38120.84,TP,0.02,0.018000000000000002,1.8000000000000003,0.5215532183647156
2021-02-08 05:00:00,38718.52,TP,0.02,0.018000000000000002,1.8000000000000003,0.6692939400672913
2021-02-08 07:00:00,39307.82,TP,0.02,0.018000000000000002,1.8000000000000003,0.5002701282501221
2021-02-09 01:00:00,46294.51,SL,-0.01,-0.012,-1.2,0.5038061141967773
2021-02-09 09:00:00,46568.21,SL,-0.01,-0.012,-1.2,0.5373367071151733
2021-02-09 13:00:00,46367.79,TP,0.02,0.018000000000000002,1.8000000000000003,0.5145944356918335
2021-02-09 14:00:00,46704.55,SL,-0.01,-0.012,-1.2,0.5987440943717957
2021-02-10 14:00:00,44993.48,SL,-0.01,-0.012,-1.2,0.5013895034790039
2021-02-11 07:00:00,44750.25,TP,0.02,0.018000000000000002,1.8000000000000003,0.5368291139602661
2021-02-11 22:00:00,47784.21,TP,0.02,0.018000000000000002,1.8000000000000003,0.534143328666687
2021-02-12 01:00:00,48574.35,SL,-0.01,-0.012,-1.2,0.5362437963485718
2021-02-12 05:00:00,47317.15,SL,-0.01,-0.012,-1.2,0.5481730103492737
2021-02-12 08:00:00,47200.0,TP,0.02,0.018000000000000002,1.8000000000000003,0.5018633008003235
2021-02-13 07:00:00,47036.2,SL,-0.01,-0.012,-1.2,0.5128706097602844
2021-02-19 19:00:00,55146.04,TP,0.02,0.018000000000000002,1.8000000000000003,0.6150111556053162
2021-02-19 22:00:00,55547.85,TP,0.02,0.018000000000000002,1.8000000000000003,0.6706141829490662
2021-02-19 23:00:00,56004.1,SL,-0.01,-0.012,-1.2,0.5311917066574097
2021-02-20 00:00:00,56352.23,SL,-0.01,-0.012,-1.2,0.7306596040725708
2021-02-20 01:00:00,56264.3,SL,-0.01,-0.012,-1.2,0.5522606372833252
2021-02-20 02:00:00,56239.87,SL,-0.01,-0.012,-1.2,0.5354663133621216
2021-02-20 03:00:00,55836.2,SL,-0.01,-0.012,-1.2,0.5144615173339844
2021-02-20 04:00:00,55888.44,SL,-0.01,-0.012,-1.2,0.5420531630516052
2021-02-20 07:00:00,55313.47,TP,0.02,0.018000000000000002,1.8000000000000003,0.6506057977676392
2021-02-20 08:00:00,55369.05,TP,0.02,0.018000000000000002,1.8000000000000003,0.7286031246185303
2021-02-20 09:00:00,55358.79,TP,0.02,0.018000000000000002,1.8000000000000003,0.6430256366729736
2021-02-22 13:00:00,52191.44,SL,-0.01,-0.012,-1.2,0.5794721245765686
2021-02-25 03:00:00,50251.01,SL,-0.01,-0.012,-1.2,0.5906462073326111
2021-02-25 08:00:00,49733.95,SL,-0.01,-0.012,-1.2,0.5115980505943298
2021-02-25 09:00:00,49008.9,TP,0.02,0.018000000000000002,1.8000000000000003,0.5183932185173035
2021-02-26 05:00:00,45561.21,TP,0.02,0.018000000000000002,1.8000000000000003,0.6702431440353394
2021-02-26 07:00:00,44970.77,TP,0.02,0.018000000000000002,1.8000000000000003,0.5282188653945923
2021-02-26 10:00:00,46704.49,SL,-0.01,-0.012,-1.2,0.5362142324447632
2021-02-28 04:00:00,44397.29,TP,0.02,0.018000000000000002,1.8000000000000003,0.6793599128723145
2021-03-01 17:00:00,48583.0,SL,-0.01,-0.012,-1.2,0.6273280382156372
2021-03-01 18:00:00,48475.6,SL,-0.01,-0.012,-1.2,0.6101539731025696
2021-03-01 19:00:00,48279.28,TP,0.02,0.018000000000000002,1.8000000000000003,0.5820263028144836
2021-03-01 20:00:00,48527.38,TP,0.02,0.018000000000000002,1.8000000000000003,0.5174422264099121
2021-03-01 21:00:00,48794.01,TP,0.02,0.018000000000000002,1.8000000000000003,0.5930348038673401
2021-03-01 22:00:00,49132.94,TP,0.02,0.018000000000000002,1.8000000000000003,0.5349650382995605
2021-03-01 23:00:00,49592.7,SL,-0.01,-0.012,-1.2,0.5172685980796814
2021-03-02 00:00:00,49401.01,SL,-0.01,-0.012,-1.2,0.6147509217262268
2021-03-02 01:00:00,49361.01,SL,-0.01,-0.012,-1.2,0.613804280757904
2021-03-02 02:00:00,49290.25,SL,-0.01,-0.012,-1.2,0.5091155171394348
2021-03-02 05:00:00,48706.1,TP,0.02,0.018000000000000002,1.8000000000000003,0.5196962356567383
2021-03-02 06:00:00,48663.26,TP,0.02,0.018000000000000002,1.8000000000000003,0.652634859085083
2021-03-02 07:00:00,48345.01,TP,0.02,0.018000000000000002,1.8000000000000003,0.7348825335502625
2021-03-02 08:00:00,48887.35,SL,-0.01,-0.012,-1.2,0.6740639805793762
2021-03-02 09:00:00,49155.62,SL,-0.01,-0.012,-1.2,0.6333001852035522
2021-03-02 10:00:00,48750.65,SL,-0.01,-0.012,-1.2,0.5314266085624695
2021-03-02 11:00:00,48866.0,SL,-0.01,-0.012,-1.2,0.6120232939720154
2021-03-03 13:00:00,51623.41,SL,-0.01,-0.012,-1.2,0.6758197546005249
2021-03-03 14:00:00,50846.57,SL,-0.01,-0.012,-1.2,0.6614934206008911
2021-03-03 15:00:00,50796.23,SL,-0.01,-0.012,-1.2,0.573358952999115
2021-03-03 16:00:00,51101.36,SL,-0.01,-0.012,-1.2,0.5151228308677673
2021-03-03 17:00:00,51345.18,SL,-0.01,-0.012,-1.2,0.5502833724021912
2021-03-08 02:00:00,50757.1,SL,-0.01,-0.012,-1.2,0.5543922781944275
2021-03-09 07:00:00,53602.41,TP,0.02,0.018000000000000002,1.8000000000000003,0.5816614031791687
2021-03-09 08:00:00,54079.82,TP,0.02,0.018000000000000002,1.8000000000000003,0.6364148259162903
2021-03-09 09:00:00,54158.74,TP,0.02,0.018000000000000002,1.8000000000000003,0.6521194577217102
2021-03-09 10:00:00,54235.72,SL,-0.01,-0.012,-1.2,0.6375849843025208
2021-03-09 11:00:00,54299.99,SL,-0.01,-0.012,-1.2,0.6635937690734863
2021-03-09 13:00:00,54812.39,SL,-0.01,-0.012,-1.2,0.6027074456214905
2021-03-13 06:00:00,57005.01,TP,0.02,0.018000000000000002,1.8000000000000003,0.5089341998100281
2021-03-13 19:00:00,60804.75,SL,-0.01,-0.012,-1.2,0.5578444600105286
2021-03-13 21:00:00,61258.12,SL,-0.01,-0.012,-1.2,0.7172693014144897
2021-03-13 22:00:00,61173.66,SL,-0.01,-0.012,-1.2,0.6296236515045166
2021-03-13 23:00:00,61267.41,SL,-0.01,-0.012,-1.2,0.5974014401435852
2021-03-16 00:00:00,54146.33,SL,-0.01,-0.012,-1.2,0.5522918701171875
2021-03-16 07:00:00,55267.51,TP,0.02,0.018000000000000002,1.8000000000000003,0.500760018825531
2021-03-18 03:00:00,58773.47,SL,-0.01,-0.012,-1.2,0.5053262114524841
2021-03-18 04:00:00,58818.52,SL,-0.01,-0.012,-1.2,0.5091328620910645
2021-03-18 06:00:00,58959.32,SL,-0.01,-0.012,-1.2,0.5531631112098694
2021-03-18 08:00:00,58080.72,TP,0.02,0.018000000000000002,1.8000000000000003,0.5295953154563904
2021-03-18 18:00:00,58297.11,SL,-0.01,-0.012,-1.2,0.5088937282562256
2021-03-22 03:00:00,57614.32,SL,-0.01,-0.012,-1.2,0.5038866400718689
2021-03-25 03:00:00,52128.62,TP,0.02,0.018000000000000002,1.8000000000000003,0.5173478722572327
2021-03-26 06:00:00,52588.1,TP,0.02,0.018000000000000002,1.8000000000000003,0.501135528087616
2021-03-26 18:00:00,53679.66,TP,0.02,0.018000000000000002,1.8000000000000003,0.5221478939056396
2021-03-26 20:00:00,53950.45,TP,0.02,0.018000000000000002,1.8000000000000003,0.5133875608444214
2021-03-27 03:00:00,54761.83,SL,-0.01,-0.012,-1.2,0.5509065389633179
2021-03-27 04:00:00,54961.23,SL,-0.01,-0.012,-1.2,0.5159822106361389
2021-03-27 06:00:00,55027.86,SL,-0.01,-0.012,-1.2,0.5351521372795105
2021-03-27 07:00:00,54966.6,SL,-0.01,-0.012,-1.2,0.6408572793006897
2021-03-27 08:00:00,54945.19,SL,-0.01,-0.012,-1.2,0.6649960279464722
2021-03-27 09:00:00,55048.47,SL,-0.01,-0.012,-1.2,0.6435739994049072
2021-03-27 10:00:00,54706.48,SL,-0.01,-0.012,-1.2,0.6177571415901184
2021-03-27 11:00:00,54480.01,TP,0.02,0.018000000000000002,1.8000000000000003,0.5384191870689392
2021-03-27 12:00:00,54321.05,TP,0.02,0.018000000000000002,1.8000000000000003,0.5593240857124329
2021-03-27 13:00:00,54754.9,TP,0.02,0.018000000000000002,1.8000000000000003,0.6122167706489563
2021-03-27 14:00:00,54653.14,TP,0.02,0.018000000000000002,1.8000000000000003,0.6796720027923584
2021-03-27 15:00:00,54977.0,TP,0.02,0.018000000000000002,1.8000000000000003,0.5936732888221741
2021-04-05 05:00:00,56949.2,TP,0.02,0.018000000000000002,1.8000000000000003,0.5296785235404968
2021-04-08 01:00:00,56562.91,TP,0.02,0.018000000000000002,1.8000000000000003,0.513221025466919
2021-04-10 03:00:00,59286.01,TP,0.02,0.018000000000000002,1.8000000000000003,0.6300351619720459
2021-04-11 23:00:00,60090.2,TP,0.02,0.018000000000000002,1.8000000000000003,0.6495811343193054
2021-04-12 00:00:00,59905.22,TP,0.02,0.018000000000000002,1.8000000000000003,0.6347564458847046
2021-04-12 01:00:00,59949.0,TP,0.02,0.018000000000000002,1.8000000000000003,0.5407289862632751
2021-04-12 02:00:00,59786.89,TP,0.02,0.018000000000000002,1.8000000000000003,0.564485490322113
2021-04-12 04:00:00,60229.99,TP,0.02,0.018000000000000002,1.8000000000000003,0.565850555896759
2021-04-13 01:00:00,60706.19,TP,0.02,0.018000000000000002,1.8000000000000003,0.5400118231773376
2021-04-13 02:00:00,60899.97,TP,0.02,0.018000000000000002,1.8000000000000003,0.6297107934951782
2021-04-13 03:00:00,60593.59,TP,0.02,0.018000000000000002,1.8000000000000003,0.6127967238426208
2021-04-13 04:00:00,60670.19,TP,0.02,0.018000000000000002,1.8000000000000003,0.5530012249946594
2021-04-13 06:00:00,60815.98,TP,0.02,0.018000000000000002,1.8000000000000003,0.5803447365760803
2021-04-13 13:00:00,62871.64,TP,0.02,0.018000000000000002,1.8000000000000003,0.5178226828575134
2021-04-13 16:00:00,63270.4,SL,-0.01,-0.012,-1.2,0.6085070967674255
2021-04-13 17:00:00,63426.14,SL,-0.01,-0.012,-1.2,0.5469854474067688
2021-04-13 18:00:00,62768.56,TP,0.02,0.018000000000000002,1.8000000000000003,0.6256457567214966
2021-04-13 19:00:00,63085.22,TP,0.02,0.018000000000000002,1.8000000000000003,0.5579208135604858
2021-04-13 21:00:00,63219.74,TP,0.02,0.018000000000000002,1.8000000000000003,0.5177514553070068
2021-04-13 22:00:00,63309.14,TP,0.02,0.018000000000000002,1.8000000000000003,0.6165443062782288
2021-04-14 00:00:00,63434.55,TP,0.02,0.018000000000000002,1.8000000000000003,0.5713743567466736
2021-04-14 02:00:00,63299.42,TP,0.02,0.018000000000000002,1.8000000000000003,0.5421619415283203
2021-04-14 04:00:00,64401.09,SL,-0.01,-0.012,-1.2,0.5562338829040527
2021-04-15 13:00:00,63015.25,SL,-0.01,-0.012,-1.2,0.5553154349327087
2021-04-15 14:00:00,62747.46,SL,-0.01,-0.012,-1.2,0.6449954509735107
2021-04-15 15:00:00,62787.12,SL,-0.01,-0.012,-1.2,0.5912058353424072
2021-04-15 16:00:00,62775.55,SL,-0.01,-0.012,-1.2,0.5790095925331116
2021-04-18 09:00:00,55024.13,SL,-0.01,-0.012,-1.2,0.5741271376609802
2021-04-19 14:00:00,55416.9,SL,-0.01,-0.012,-1.2,0.5090921521186829
2021-04-19 16:00:00,54832.41,TP,0.02,0.018000000000000002,1.8000000000000003,0.5047829747200012
2021-04-19 23:00:00,55634.39,SL,-0.01,-0.012,-1.2,0.5781720280647278
2021-04-20 00:00:00,54641.36,SL,-0.01,-0.012,-1.2,0.5078102350234985
2021-04-21 08:00:00,55440.02,SL,-0.01,-0.012,-1.2,0.5506684184074402
2021-04-21 09:00:00,55559.1,SL,-0.01,-0.012,-1.2,0.5287826657295227
2021-04-21 12:00:00,55417.62,SL,-0.01,-0.012,-1.2,0.574509859085083
2021-04-21 13:00:00,55572.9,SL,-0.01,-0.012,-1.2,0.5336734652519226
2021-04-21 17:00:00,55519.17,SL,-0.01,-0.012,-1.2,0.5871340036392212
2021-04-21 19:00:00,55460.91,SL,-0.01,-0.012,-1.2,0.5229814648628235
2021-04-21 22:00:00,53996.61,SL,-0.01,-0.012,-1.2,0.6167042255401611
2021-04-21 23:00:00,53800.0,SL,-0.01,-0.012,-1.2,0.5800212621688843
2021-04-22 02:00:00,53749.66,TP,0.02,0.018000000000000002,1.8000000000000003,0.508411705493927
2021-04-22 07:00:00,54159.51,SL,-0.01,-0.012,-1.2,0.5126407742500305
2021-04-22 13:00:00,54445.57,SL,-0.01,-0.012,-1.2,0.6229764819145203
2021-04-22 14:00:00,54769.08,SL,-0.01,-0.012,-1.2,0.5308395028114319
2021-04-22 15:00:00,54672.07,SL,-0.01,-0.012,-1.2,0.6342417597770691
2021-04-22 17:00:00,53476.58,SL,-0.01,-0.012,-1.2,0.6878219246864319
2021-04-22 18:00:00,53392.06,SL,-0.01,-0.012,-1.2,0.5216638445854187
2021-04-25 05:00:00,49831.9,SL,-0.01,-0.012,-1.2,0.5259902477264404
2021-04-25 11:00:00,49566.14,TP,0.02,0.018000000000000002,1.8000000000000003,0.5197253227233887
2021-04-25 17:00:00,49941.87,SL,-0.01,-0.012,-1.2,0.5363695025444031
2021-04-25 18:00:00,49655.88,SL,-0.01,-0.012,-1.2,0.6245388984680176
2021-04-25 19:00:00,49354.08,SL,-0.01,-0.012,-1.2,0.5276304483413696
2021-04-26 10:00:00,53225.43,TP,0.02,0.018000000000000002,1.8000000000000003,0.5022240281105042
2021-04-26 11:00:00,53591.99,SL,-0.01,-0.012,-1.2,0.5487660765647888
2021-04-26 12:00:00,53473.37,SL,-0.01,-0.012,-1.2,0.6084214448928833
2021-04-26 13:00:00,53650.0,SL,-0.01,-0.012,-1.2,0.6712825298309326
2021-04-26 14:00:00,53555.35,SL,-0.01,-0.012,-1.2,0.6217944622039795
2021-04-26 15:00:00,53572.76,SL,-0.01,-0.012,-1.2,0.7618968486785889
2021-04-26 16:00:00,53299.84,SL,-0.01,-0.012,-1.2,0.7838024497032166
2021-04-26 17:00:00,54024.7,SL,-0.01,-0.012,-1.2,0.5040603876113892
2021-04-26 18:00:00,54230.7,SL,-0.01,-0.012,-1.2,0.5021567344665527
2021-04-26 20:00:00,53177.17,SL,-0.01,-0.012,-1.2,0.6094727516174316
2021-04-26 21:00:00,53350.0,TP,0.02,0.018000000000000002,1.8000000000000003,0.5181427597999573
2021-04-26 22:00:00,53601.4,TP,0.02,0.018000000000000002,1.8000000000000003,0.5449570417404175
2021-04-27 00:00:00,53652.65,TP,0.02,0.018000000000000002,1.8000000000000003,0.5408499836921692
2021-04-27 20:00:00,55141.85,SL,-0.01,-0.012,-1.2,0.5006436109542847
2021-04-28 09:00:00,54235.83,TP,0.02,0.018000000000000002,1.8000000000000003,0.5330615043640137
2021-04-30 21:00:00,57014.14,TP,0.02,0.018000000000000002,1.8000000000000003,0.5412952303886414
2021-04-30 23:00:00,57684.16,SL,-0.01,-0.012,-1.2,0.5040006041526794
2021-05-01 02:00:00,58128.66,SL,-0.01,-0.012,-1.2,0.5537740588188171
2021-05-02 01:00:00,57476.59,SL,-0.01,-0.012,-1.2,0.5091137290000916
2021-05-03 00:00:00,57456.12,TP,0.02,0.018000000000000002,1.8000000000000003,0.633501410484314
2021-05-11 12:00:00,55425.29,TP,0.02,0.018000000000000002,1.8000000000000003,0.524917721748352
2021-05-13 21:00:00,49605.68,SL,-0.01,-0.012,-1.2,0.576076328754425
2021-05-14 03:00:00,49203.15,TP,0.02,0.018000000000000002,1.8000000000000003,0.5216131806373596
2021-05-15 05:00:00,49696.2,SL,-0.01,-0.012,-1.2,0.5324565768241882
2021-05-15 06:00:00,48992.35,SL,-0.01,-0.012,-1.2,0.5535520911216736
2021-05-15 07:00:00,48510.0,SL,-0.01,-0.012,-1.2,0.5241762399673462
2021-05-15 08:00:00,48863.22,SL,-0.01,-0.012,-1.2,0.5151594281196594
2021-05-15 09:00:00,48695.89,SL,-0.01,-0.012,-1.2,0.528235673904419
2021-05-15 11:00:00,48959.41,SL,-0.01,-0.012,-1.2,0.5092514753341675
2021-05-15 16:00:00,47923.37,SL,-0.01,-0.012,-1.2,0.6046843528747559
2021-05-15 17:00:00,47847.78,SL,-0.01,-0.012,-1.2,0.5410506129264832
2021-05-15 18:00:00,47938.47,SL,-0.01,-0.012,-1.2,0.5471190214157104
2021-05-16 18:00:00,45400.31,SL,-0.01,-0.012,-1.2,0.5915852785110474
2021-05-16 20:00:00,44126.46,TP,0.02,0.018000000000000002,1.8000000000000003,0.5632054805755615
2021-05-17 03:00:00,42990.79,SL,-0.01,-0.012,-1.2,0.5682502388954163
2021-05-17 18:00:00,43535.0,TP,0.02,0.018000000000000002,1.8000000000000003,0.5445147752761841
2021-05-17 23:00:00,43566.18,TP,0.02,0.018000000000000002,1.8000000000000003,0.5708339214324951
2021-05-18 19:00:00,43283.16,SL,-0.01,-0.012,-1.2,0.5101836323738098
2021-05-18 23:00:00,42882.53,SL,-0.01,-0.012,-1.2,0.5211138129234314
2021-05-19 01:00:00,40875.75,SL,-0.01,-0.012,-1.2,0.5920289754867554
2021-05-19 02:00:00,40337.06,SL,-0.01,-0.012,-1.2,0.7697378993034363
2021-05-19 03:00:00,40635.3,SL,-0.01,-0.012,-1.2,0.5321831107139587
2021-05-19 04:00:00,39342.9,SL,-0.01,-0.012,-1.2,0.5413517355918884
2021-05-19 08:00:00,40491.13,SL,-0.01,-0.012,-1.2,0.5867869257926941
2021-05-21 15:00:00,36818.07,SL,-0.01,-0.012,-1.2,0.539201557636261
2021-05-21 16:00:00,37011.0,SL,-0.01,-0.012,-1.2,0.5213070511817932
2021-05-21 20:00:00,35191.24,SL,-0.01,-0.012,-1.2,0.796464204788208
2021-05-21 22:00:00,36610.63,SL,-0.01,-0.012,-1.2,0.5338576436042786
2021-05-22 07:00:00,36259.78,TP,0.02,0.018000000000000002,1.8000000000000003,0.5207192301750183
2021-05-24 15:00:00,37535.2,SL,-0.01,-0.012,-1.2,0.5653378963470459
2021-05-24 17:00:00,37649.99,TP,0.02,0.018000000000000002,1.8000000000000003,0.5789916515350342
2021-05-24 18:00:00,37879.48,TP,0.02,0.018000000000000002,1.8000000000000003,0.7283724546432495
2021-05-24 21:00:00,38465.66,SL,-0.01,-0.012,-1.2,0.528881847858429
2021-05-24 23:00:00,38779.66,TP,0.02,0.018000000000000002,1.8000000000000003,0.5837092399597168
2021-05-25 02:00:00,38081.89,SL,-0.01,-0.012,-1.2,0.5689246654510498
2021-05-25 10:00:00,37135.02,SL,-0.01,-0.012,-1.2,0.6549758315086365
2021-05-25 11:00:00,36567.87,TP,0.02,0.018000000000000002,1.8000000000000003,0.6056303381919861
2021-05-26 08:00:00,40152.47,SL,-0.01,-0.012,-1.2,0.5047545433044434
2021-05-26 09:00:00,40165.3,SL,-0.01,-0.012,-1.2,0.5898336172103882
2021-05-26 12:00:00,40130.05,SL,-0.01,-0.012,-1.2,0.5127968192100525
2021-05-26 13:00:00,38883.27,SL,-0.01,-0.012,-1.2,0.512061357498169
2021-05-28 11:00:00,35374.31,TP,0.02,0.018000000000000002,1.8000000000000003,0.523343026638031
2021-05-28 12:00:00,36567.21,SL,-0.01,-0.012,-1.2,0.5333156585693359
2021-05-28 18:00:00,36190.02,SL,-0.01,-0.012,-1.2,0.5186334252357483
2021-05-28 20:00:00,35232.23,SL,-0.01,-0.012,-1.2,0.5967771410942078
2021-05-28 22:00:00,35079.19,TP,0.02,0.018000000000000002,1.8000000000000003,0.5382574796676636
2021-05-29 18:00:00,34089.27,SL,-0.01,-0.012,-1.2,0.5222823619842529
2021-05-30 02:00:00,34541.69,TP,0.02,0.018000000000000002,1.8000000000000003,0.5622109770774841
2021-05-31 06:00:00,35033.82,TP,0.02,0.018000000000000002,1.8000000000000003,0.5019500851631165
2021-05-31 17:00:00,36925.96,SL,-0.01,-0.012,-1.2,0.5323733687400818
2021-05-31 18:00:00,36695.23,TP,0.02,0.018000000000000002,1.8000000000000003,0.5712513327598572
2021-05-31 20:00:00,36673.06,TP,0.02,0.018000000000000002,1.8000000000000003,0.6038584113121033
2021-05-31 21:00:00,36913.29,TP,0.02,0.018000000000000002,1.8000000000000003,0.5206080079078674
2021-05-31 22:00:00,36878.7,TP,0.02,0.018000000000000002,1.8000000000000003,0.5266873836517334
2021-05-31 23:00:00,37243.38,SL,-0.01,-0.012,-1.2,0.5067079663276672
2021-06-01 03:00:00,36709.23,SL,-0.01,-0.012,-1.2,0.5820027589797974
2021-06-01 04:00:00,36735.97,SL,-0.01,-0.012,-1.2,0.515425980091095
2021-06-02 20:00:00,37718.94,SL,-0.01,-0.012,-1.2,0.5796735286712646
2021-06-03 00:00:00,37466.32,TP,0.02,0.018000000000000002,1.8000000000000003,0.5010325908660889
2021-06-03 04:00:00,37964.43,TP,0.02,0.018000000000000002,1.8000000000000003,0.5449488759040833
2021-06-06 06:00:00,35857.51,SL,-0.01,-0.012,-1.2,0.5122503638267517
2021-06-09 18:00:00,35870.66,TP,0.02,0.018000000000000002,1.8000000000000003,0.6268926858901978
2021-06-09 19:00:00,36222.21,TP,0.02,0.018000000000000002,1.8000000000000003,0.6381257176399231
2021-06-09 20:00:00,36337.01,TP,0.02,0.018000000000000002,1.8000000000000003,0.7940924763679504
2021-06-09 21:00:00,36603.55,TP,0.02,0.018000000000000002,1.8000000000000003,0.7088900804519653
2021-06-09 22:00:00,37071.38,SL,-0.01,-0.012,-1.2,0.5034555792808533
2021-06-10 00:00:00,36934.99,SL,-0.01,-0.012,-1.2,0.7300105094909668
2021-06-10 01:00:00,36862.78,SL,-0.01,-0.012,-1.2,0.7780638933181763
2021-06-10 02:00:00,37100.0,SL,-0.01,-0.012,-1.2,0.6930925250053406
2021-06-10 03:00:00,36948.46,SL,-0.01,-0.012,-1.2,0.701711893081665
2021-06-10 04:00:00,36785.9,SL,-0.01,-0.012,-1.2,0.7278156280517578
2021-06-10 05:00:00,36807.83,SL,-0.01,-0.012,-1.2,0.6947178244590759
2021-06-10 06:00:00,36747.93,SL,-0.01,-0.012,-1.2,0.5597960352897644
2021-06-10 07:00:00,36940.88,SL,-0.01,-0.012,-1.2,0.5788400769233704
2021-06-10 08:00:00,36405.46,TP,0.02,0.018000000000000002,1.8000000000000003,0.5405051112174988
2021-06-10 09:00:00,37404.26,TP,0.02,0.018000000000000002,1.8000000000000003,0.617737352848053
2021-06-14 02:00:00,38977.02,TP,0.02,0.018000000000000002,1.8000000000000003,0.724966824054718
2021-06-14 03:00:00,38978.0,TP,0.02,0.018000000000000002,1.8000000000000003,0.6652886271476746
2021-06-14 04:00:00,39244.28,SL,-0.01,-0.012,-1.2,0.6428254842758179
2021-06-14 05:00:00,39384.11,SL,-0.01,-0.012,-1.2,0.6298862099647522
2021-06-14 06:00:00,39599.99,SL,-0.01,-0.012,-1.2,0.7352900505065918
2021-06-14 07:00:00,39529.99,SL,-0.01,-0.012,-1.2,0.6889538168907166
2021-06-14 08:00:00,39004.43,TP,0.02,0.018000000000000002,1.8000000000000003,0.6294489502906799
2021-06-14 09:00:00,39074.53,TP,0.02,0.018000000000000002,1.8000000000000003,0.6684949994087219
2021-06-14 10:00:00,39294.7,TP,0.02,0.018000000000000002,1.8000000000000003,0.5841531753540039
2021-06-14 11:00:00,39151.68,TP,0.02,0.018000000000000002,1.8000000000000003,0.5269963145256042
2021-06-17 04:00:00,38790.29,SL,-0.01,-0.012,-1.2,0.5853960514068604
2021-06-17 05:00:00,38712.63,TP,0.02,0.018000000000000002,1.8000000000000003,0.6109634041786194
2021-06-17 07:00:00,39198.03,SL,-0.01,-0.012,-1.2,0.631643533706665
2021-06-17 08:00:00,39269.11,SL,-0.01,-0.012,-1.2,0.5878139138221741
2021-06-17 09:00:00,39491.85,SL,-0.01,-0.012,-1.2,0.555435061454773
2021-06-17 10:00:00,39264.68,SL,-0.01,-0.012,-1.2,0.6056523323059082
2021-06-17 11:00:00,39156.01,SL,-0.01,-0.012,-1.2,0.5241239070892334
2021-06-17 12:00:00,38792.83,SL,-0.01,-0.012,-1.2,0.6118046045303345
2021-06-17 13:00:00,38715.2,SL,-0.01,-0.012,-1.2,0.7016652822494507
2021-06-17 14:00:00,38889.99,SL,-0.01,-0.012,-1.2,0.5299405455589294
2021-06-17 18:00:00,37730.01,SL,-0.01,-0.012,-1.2,0.527721107006073
2021-06-19 06:00:00,35760.0,SL,-0.01,-0.012,-1.2,0.5875329971313477
2021-06-19 07:00:00,35767.59,SL,-0.01,-0.012,-1.2,0.5382480621337891
2021-06-19 08:00:00,35779.68,SL,-0.01,-0.012,-1.2,0.5286927223205566
2021-06-19 12:00:00,35731.02,SL,-0.01,-0.012,-1.2,0.5269044637680054
2021-06-20 03:00:00,35522.63,SL,-0.01,-0.012,-1.2,0.5077567100524902
2021-06-20 05:00:00,35714.11,SL,-0.01,-0.012,-1.2,0.5429630875587463
2021-06-20 06:00:00,35493.45,SL,-0.01,-0.012,-1.2,0.6780264973640442
2021-06-20 07:00:00,35614.39,SL,-0.01,-0.012,-1.2,0.7309220433235168
2021-06-20 08:00:00,35320.6,SL,-0.01,-0.012,-1.2,0.5732920169830322
2021-06-20 09:00:00,34977.28,SL,-0.01,-0.012,-1.2,0.5584919452667236
2021-06-23 03:00:00,33939.05,SL,-0.01,-0.012,-1.2,0.5186523199081421
2021-06-23 04:00:00,33784.22,TP,0.02,0.018000000000000002,1.8000000000000003,0.5389280915260315
2021-06-23 17:00:00,33578.68,SL,-0.01,-0.012,-1.2,0.5346651673316956
2021-06-24 15:00:00,33851.0,TP,0.02,0.018000000000000002,1.8000000000000003,0.5036159157752991
2021-06-24 20:00:00,34838.01,SL,-0.01,-0.012,-1.2,0.6053439974784851
2021-06-24 21:00:00,34754.82,SL,-0.01,-0.012,-1.2,0.6966248154640198
2021-06-24 22:00:00,34742.06,SL,-0.01,-0.012,-1.2,0.6427083015441895
2021-06-24 23:00:00,34644.64,SL,-0.01,-0.012,-1.2,0.6760538220405579
2021-06-25 00:00:00,34559.44,TP,0.02,0.018000000000000002,1.8000000000000003,0.5589890480041504
2021-06-25 01:00:00,34816.64,SL,-0.01,-0.012,-1.2,0.6034970879554749
2021-06-25 02:00:00,35137.83,SL,-0.01,-0.012,-1.2,0.5122997164726257
2021-06-25 05:00:00,34456.53,SL,-0.01,-0.012,-1.2,0.5764091610908508
2021-06-25 06:00:00,34407.84,SL,-0.01,-0.012,-1.2,0.5692418217658997
2021-06-25 07:00:00,34262.69,SL,-0.01,-0.012,-1.2,0.7645350098609924
2021-06-25 08:00:00,34280.99,SL,-0.01,-0.012,-1.2,0.8039190769195557
2021-06-25 09:00:00,33749.99,SL,-0.01,-0.012,-1.2,0.5198399424552917
2021-06-26 07:00:00,30700.0,SL,-0.01,-0.012,-1.2,0.7692869305610657
2021-06-28 05:00:00,34486.54,TP,0.02,0.018000000000000002,1.8000000000000003,0.5232383608818054
2021-06-28 06:00:00,34500.0,TP,0.02,0.018000000000000002,1.8000000000000003,0.540288507938385
2021-06-28 10:00:00,34185.0,TP,0.02,0.018000000000000002,1.8000000000000003,0.5039804577827454
2021-06-28 11:00:00,34099.32,TP,0.02,0.018000000000000002,1.8000000000000003,0.518363893032074
2021-06-30 00:00:00,35878.59,SL,-0.01,-0.012,-1.2,0.5221315622329712
2021-06-30 01:00:00,35848.34,SL,-0.01,-0.012,-1.2,0.5397030711174011
2021-07-01 02:00:00,34286.16,SL,-0.01,-0.012,-1.2,0.5169040560722351
2021-07-03 23:00:00,34652.94,TP,0.02,0.018000000000000002,1.8000000000000003,0.6002629995346069
2021-07-04 21:00:00,35887.4,SL,-0.01,-0.012,-1.2,0.5758172869682312
2021-07-08 19:00:00,32984.99,SL,-0.01,-0.012,-1.2,0.5724974870681763
2021-07-08 20:00:00,32781.02,SL,-0.01,-0.012,-1.2,0.6651297211647034
2021-07-09 01:00:00,32656.43,TP,0.02,0.018000000000000002,1.8000000000000003,0.6299726963043213
2021-07-09 20:00:00,33501.29,TP,0.02,0.018000000000000002,1.8000000000000003,0.5164095163345337
2021-07-09 21:00:00,33864.01,SL,-0.01,-0.012,-1.2,0.5766704082489014
2021-07-14 02:00:00,32529.99,SL,-0.01,-0.012,-1.2,0.5225975513458252
2021-07-15 03:00:00,32619.72,SL,-0.01,-0.012,-1.2,0.5761393308639526
2021-07-16 05:00:00,31792.6,SL,-0.01,-0.012,-1.2,0.5137665867805481
2021-07-16 06:00:00,31601.26,SL,-0.01,-0.012,-1.2,0.5454490780830383
2021-07-16 07:00:00,31768.61,SL,-0.01,-0.012,-1.2,0.5518516898155212
2021-07-16 12:00:00,31699.99,SL,-0.01,-0.012,-1.2,0.5188614130020142
2021-07-17 09:00:00,31589.67,SL,-0.01,-0.012,-1.2,0.5198293924331665
2021-07-17 11:00:00,31377.09,TP,0.02,0.018000000000000002,1.8000000000000003,0.5697016716003418
2021-07-17 12:00:00,31489.01,TP,0.02,0.018000000000000002,1.8000000000000003,0.5606040954589844
2021-07-17 13:00:00,31607.99,TP,0.02,0.018000000000000002,1.8000000000000003,0.5950170755386353
2021-07-18 01:00:00,32191.18,SL,-0.01,-0.012,-1.2,0.552340567111969
2021-07-18 02:00:00,32197.03,SL,-0.01,-0.012,-1.2,0.5122464895248413
2021-07-18 03:00:00,32155.46,SL,-0.01,-0.012,-1.2,0.5436222553253174
2021-07-18 05:00:00,32049.17,SL,-0.01,-0.012,-1.2,0.5448163151741028
2021-07-18 07:00:00,31705.0,SL,-0.01,-0.012,-1.2,0.5079385042190552
2021-07-18 08:00:00,31754.93,SL,-0.01,-0.012,-1.2,0.5089685320854187
2021-07-18 22:00:00,31546.81,SL,-0.01,-0.012,-1.2,0.5506436824798584
2021-07-18 23:00:00,31767.0,SL,-0.01,-0.012,-1.2,0.5389301180839539
2021-07-19 00:00:00,31587.55,SL,-0.01,-0.012,-1.2,0.518782913684845
2021-07-19 01:00:00,31589.49,SL,-0.01,-0.012,-1.2,0.5666257739067078
2021-07-19 02:00:00,31498.13,SL,-0.01,-0.012,-1.2,0.5311226844787598
2021-07-19 03:00:00,31525.72,SL,-0.01,-0.012,-1.2,0.5925580859184265
2021-07-19 22:00:00,30831.87,SL,-0.01,-0.012,-1.2,0.5533262491226196
2021-07-19 23:00:00,30823.62,SL,-0.01,-0.012,-1.2,0.5531445741653442
2021-07-20 00:00:00,30788.03,SL,-0.01,-0.012,-1.2,0.6004265546798706
2021-07-20 02:00:00,30173.76,SL,-0.01,-0.012,-1.2,0.5191424489021301
2021-07-20 20:00:00,29823.33,SL,-0.01,-0.012,-1.2,0.5016233325004578
2021-07-20 23:00:00,29775.9,SL,-0.01,-0.012,-1.2,0.5138228535652161
2021-07-21 01:00:00,29724.47,TP,0.02,0.018000000000000002,1.8000000000000003,0.57333904504776
2021-07-21 19:00:00,31618.46,TP,0.02,0.018000000000000002,1.8000000000000003,0.5661618113517761
2021-07-21 20:00:00,31790.69,TP,0.02,0.018000000000000002,1.8000000000000003,0.5856086015701294
2021-07-22 01:00:00,31959.78,TP,0.02,0.018000000000000002,1.8000000000000003,0.53582763671875
2021-07-22 02:00:00,31845.13,TP,0.02,0.018000000000000002,1.8000000000000003,0.6419692039489746
2021-07-22 03:00:00,31915.0,TP,0.02,0.018000000000000002,1.8000000000000003,0.6119007468223572
2021-07-22 04:00:00,32038.28,SL,-0.01,-0.012,-1.2,0.6744430065155029
2021-07-22 05:00:00,31883.31,TP,0.02,0.018000000000000002,1.8000000000000003,0.7514246702194214
2021-07-22 06:00:00,32024.42,SL,-0.01,-0.012,-1.2,0.6945498585700989
2021-07-22 07:00:00,32115.11,SL,-0.01,-0.012,-1.2,0.5474092364311218
2021-07-22 11:00:00,31886.59,TP,0.02,0.018000000000000002,1.8000000000000003,0.5319989919662476
2021-07-22 12:00:00,32181.04,TP,0.02,0.018000000000000002,1.8000000000000003,0.5326648950576782
2021-07-23 19:00:00,32221.12,TP,0.02,0.018000000000000002,1.8000000000000003,0.5841714143753052
2021-07-24 22:00:00,33990.67,TP,0.02,0.018000000000000002,1.8000000000000003,0.6107955574989319
2021-07-24 23:00:00,34230.0,SL,-0.01,-0.012,-1.2,0.6082810163497925
2021-07-26 07:00:00,38157.02,SL,-0.01,-0.012,-1.2,0.5090957283973694
2021-07-26 08:00:00,38199.99,TP,0.02,0.018000000000000002,1.8000000000000003,0.5897409915924072
2021-07-26 09:00:00,38212.99,TP,0.02,0.018000000000000002,1.8000000000000003,0.6156554222106934
2021-07-26 10:00:00,38588.24,SL,-0.01,-0.012,-1.2,0.6276260018348694
2021-07-26 11:00:00,38468.05,SL,-0.01,-0.012,-1.2,0.7042627334594727
2021-07-26 12:00:00,38634.01,SL,-0.01,-0.012,-1.2,0.6563153266906738
2021-07-26 13:00:00,38300.01,TP,0.02,0.018000000000000002,1.8000000000000003,0.50826495885849
2021-07-26 14:00:00,38307.85,TP,0.02,0.018000000000000002,1.8000000000000003,0.5080708265304565
2021-07-27 16:00:00,37622.98,TP,0.02,0.018000000000000002,1.8000000000000003,0.6999386548995972
2021-07-27 17:00:00,37778.0,SL,-0.01,-0.012,-1.2,0.5527086853981018
2021-07-29 20:00:00,39715.49,SL,-0.01,-0.012,-1.2,0.604145884513855
2021-07-30 03:00:00,39951.21,SL,-0.01,-0.012,-1.2,0.6155876517295837
2021-07-30 04:00:00,39802.52,SL,-0.01,-0.012,-1.2,0.6217925548553467
2021-07-30 05:00:00,39713.46,SL,-0.01,-0.012,-1.2,0.8447063565254211
2021-07-30 06:00:00,39836.8,SL,-0.01,-0.012,-1.2,0.917251706123352
2021-07-30 07:00:00,39729.99,SL,-0.01,-0.012,-1.2,0.888050377368927
2021-07-31 00:00:00,41893.87,SL,-0.01,-0.012,-1.2,0.6362218260765076
2021-07-31 01:00:00,41971.11,SL,-0.01,-0.012,-1.2,0.5969205498695374
2021-07-31 02:00:00,41966.61,SL,-0.01,-0.012,-1.2,0.5860010385513306
2021-07-31 03:00:00,41824.68,SL,-0.01,-0.012,-1.2,0.7092332243919373
2021-07-31 04:00:00,41829.94,SL,-0.01,-0.012,-1.2,0.706753134727478
2021-07-31 05:00:00,41695.6,SL,-0.01,-0.012,-1.2,0.6497489809989929
2021-07-31 06:00:00,41522.91,SL,-0.01,-0.012,-1.2,0.6659208536148071
2021-07-31 07:00:00,41537.59,SL,-0.01,-0.012,-1.2,0.6502822041511536
2021-07-31 08:00:00,41696.2,SL,-0.01,-0.012,-1.2,0.5840167999267578
2021-07-31 10:00:00,41781.3,SL,-0.01,-0.012,-1.2,0.5527509450912476
2021-08-02 00:00:00,39528.62,TP,0.02,0.018000000000000002,1.8000000000000003,0.5269023776054382
2021-08-02 02:00:00,39773.37,SL,-0.01,-0.012,-1.2,0.662494421005249
2021-08-02 04:00:00,39664.67,SL,-0.01,-0.012,-1.2,0.532501220703125
2021-08-02 20:00:00,38840.0,TP,0.02,0.018000000000000002,1.8000000000000003,0.5565575361251831
2021-08-03 00:00:00,39310.0,SL,-0.01,-0.012,-1.2,0.5091381072998047
2021-08-03 04:00:00,38333.0,SL,-0.01,-0.012,-1.2,0.5430172681808472
2021-08-05 01:00:00,39513.74,SL,-0.01,-0.012,-1.2,0.5333887934684753
2021-08-06 12:00:00,40754.45,TP,0.02,0.018000000000000002,1.8000000000000003,0.6227921843528748
2021-08-06 23:00:00,42825.43,TP,0.02,0.018000000000000002,1.8000000000000003,0.5453864336013794
2021-08-07 00:00:00,43258.02,SL,-0.01,-0.012,-1.2,0.6171263456344604
2021-08-07 01:00:00,43150.0,TP,0.02,0.018000000000000002,1.8000000000000003,0.6081559062004089
2021-08-07 02:00:00,43279.7,TP,0.02,0.018000000000000002,1.8000000000000003,0.6054017543792725
2021-08-07 03:00:00,43670.3,SL,-0.01,-0.012,-1.2,0.6111246347427368
2021-08-07 04:00:00,43287.72,TP,0.02,0.018000000000000002,1.8000000000000003,0.6928182244300842
2021-08-09 08:00:00,43714.59,TP,0.02,0.018000000000000002,1.8000000000000003,0.5834811329841614
2021-08-09 20:00:00,45484.57,SL,-0.01,-0.012,-1.2,0.5147578120231628
2021-08-09 21:00:00,45743.51,TP,0.02,0.018000000000000002,1.8000000000000003,0.7221517562866211
2021-08-09 22:00:00,46258.3,SL,-0.01,-0.012,-1.2,0.5493929386138916
2021-08-09 23:00:00,46259.7,SL,-0.01,-0.012,-1.2,0.5174152851104736
2021-08-10 18:00:00,45319.98,TP,0.02,0.018000000000000002,1.8000000000000003,0.515876054763794
2021-08-11 06:00:00,46087.86,SL,-0.01,-0.012,-1.2,0.5474501848220825
2021-08-11 07:00:00,46367.38,SL,-0.01,-0.012,-1.2,0.5310412049293518
2021-08-11 08:00:00,46217.01,SL,-0.01,-0.012,-1.2,0.6012906432151794
2021-08-11 09:00:00,46129.99,SL,-0.01,-0.012,-1.2,0.5254209041595459
2021-08-16 08:00:00,47164.23,SL,-0.01,-0.012,-1.2,0.537589430809021
2021-08-17 08:00:00,46222.4,TP,0.02,0.018000000000000002,1.8000000000000003,0.5226057171821594
2021-08-17 14:00:00,45954.47,SL,-0.01,-0.012,-1.2,0.6176813244819641
2021-08-17 15:00:00,45754.47,SL,-0.01,-0.012,-1.2,0.5409222841262817
2021-08-18 08:00:00,45264.89,SL,-0.01,-0.012,-1.2,0.5410362482070923
2021-08-18 12:00:00,45020.0,TP,0.02,0.018000000000000002,1.8000000000000003,0.5093043446540833
2021-08-21 02:00:00,48877.78,SL,-0.01,-0.012,-1.2,0.5881676077842712
2021-08-22 22:00:00,49283.09,TP,0.02,0.018000000000000002,1.8000000000000003,0.5762647986412048
2021-08-22 23:00:00,49273.28,TP,0.02,0.018000000000000002,1.8000000000000003,0.5278233885765076
2021-08-23 01:00:00,49860.4,SL,-0.01,-0.012,-1.2,0.5393635630607605
2021-08-24 10:00:00,49330.78,SL,-0.01,-0.012,-1.2,0.5131670832633972
2021-08-25 08:00:00,47300.0,TP,0.02,0.018000000000000002,1.8000000000000003,0.504334032535553
2021-08-28 08:00:00,48953.45,SL,-0.01,-0.012,-1.2,0.5141130685806274
2021-08-28 10:00:00,48874.94,SL,-0.01,-0.012,-1.2,0.6294510960578918
2021-08-28 12:00:00,48904.0,SL,-0.01,-0.012,-1.2,0.5156194567680359
2021-08-29 19:00:00,48808.94,SL,-0.01,-0.012,-1.2,0.500063955783844
2021-08-30 00:00:00,48435.13,SL,-0.01,-0.012,-1.2,0.5306850075721741
2021-09-01 16:00:00,48518.25,TP,0.02,0.018000000000000002,1.8000000000000003,0.5308844447135925
2021-09-03 09:00:00,50137.87,SL,-0.01,-0.012,-1.2,0.5186383724212646
2021-09-03 10:00:00,49903.84,TP,0.02,0.018000000000000002,1.8000000000000003,0.5649617314338684
2021-09-04 19:00:00,50000.0,SL,-0.01,-0.012,-1.2,0.5015771389007568
2021-09-04 20:00:00,50187.77,SL,-0.01,-0.012,-1.2,0.5077884197235107
2021-09-04 21:00:00,50239.61,SL,-0.01,-0.012,-1.2,0.5667594075202942
2021-09-04 22:00:00,49889.78,TP,0.02,0.018000000000000002,1.8000000000000003,0.5195676684379578
2021-09-05 00:00:00,50188.31,SL,-0.01,-0.012,-1.2,0.5182713866233826
2021-09-05 02:00:00,50122.0,SL,-0.01,-0.012,-1.2,0.6486368775367737
2021-09-05 03:00:00,49694.34,TP,0.02,0.018000000000000002,1.8000000000000003,0.5889144539833069
2021-09-05 04:00:00,49863.5,TP,0.02,0.018000000000000002,1.8000000000000003,0.5049549341201782
2021-09-05 05:00:00,49725.6,TP,0.02,0.018000000000000002,1.8000000000000003,0.5524017810821533
2021-09-05 06:00:00,49874.25,TP,0.02,0.018000000000000002,1.8000000000000003,0.5309068560600281
2021-09-05 09:00:00,50161.31,TP,0.02,0.018000000000000002,1.8000000000000003,0.5444639325141907
2021-09-05 11:00:00,50230.0,TP,0.02,0.018000000000000002,1.8000000000000003,0.632332444190979
2021-09-05 12:00:00,50149.25,TP,0.02,0.018000000000000002,1.8000000000000003,0.6393107771873474
2021-09-05 13:00:00,50207.79,TP,0.02,0.018000000000000002,1.8000000000000003,0.6617315411567688
2021-09-05 14:00:00,50272.66,TP,0.02,0.018000000000000002,1.8000000000000003,0.7134556174278259
2021-09-05 15:00:00,50250.69,TP,0.02,0.018000000000000002,1.8000000000000003,0.6032189130783081
2021-09-05 17:00:00,50323.93,TP,0.02,0.018000000000000002,1.8000000000000003,0.5754988193511963
2021-09-05 18:00:00,50378.08,TP,0.02,0.018000000000000002,1.8000000000000003,0.5522521138191223
2021-09-05 19:00:00,50723.01,TP,0.02,0.018000000000000002,1.8000000000000003,0.6516515612602234
2021-09-08 21:00:00,46055.19,SL,-0.01,-0.012,-1.2,0.5874978303909302
2021-09-09 01:00:00,46110.1,SL,-0.01,-0.012,-1.2,0.5638548731803894
2021-09-10 16:00:00,45498.14,SL,-0.01,-0.012,-1.2,0.5059817433357239
2021-09-10 17:00:00,45727.35,SL,-0.01,-0.012,-1.2,0.5690728425979614
2021-09-10 18:00:00,45725.79,SL,-0.01,-0.012,-1.2,0.5388281345367432
2021-09-10 19:00:00,45668.56,SL,-0.01,-0.012,-1.2,0.5773317813873291
2021-09-10 21:00:00,44605.0,TP,0.02,0.018000000000000002,1.8000000000000003,0.5554259419441223
2021-09-11 06:00:00,45281.31,SL,-0.01,-0.012,-1.2,0.6081642508506775
2021-09-11 07:00:00,45068.61,TP,0.02,0.018000000000000002,1.8000000000000003,0.7744471430778503
2021-09-11 08:00:00,45142.86,TP,0.02,0.018000000000000002,1.8000000000000003,0.6989356279373169
2021-09-11 19:00:00,45376.19,SL,-0.01,-0.012,-1.2,0.506753146648407
2021-09-12 09:00:00,45877.67,SL,-0.01,-0.012,-1.2,0.544597864151001
2021-09-12 12:00:00,46001.18,SL,-0.01,-0.012,-1.2,0.5260657668113708
2021-09-12 16:00:00,45896.2,SL,-0.01,-0.012,-1.2,0.53505539894104
2021-09-12 17:00:00,45955.67,SL,-0.01,-0.012,-1.2,0.5964015126228333
2021-09-14 11:00:00,45986.45,TP,0.02,0.018000000000000002,1.8000000000000003,0.6207206845283508
2021-09-14 18:00:00,46515.77,TP,0.02,0.018000000000000002,1.8000000000000003,0.5729868412017822
2021-09-14 19:00:00,46467.4,TP,0.02,0.018000000000000002,1.8000000000000003,0.6090401411056519
2021-09-14 20:00:00,46792.85,TP,0.02,0.018000000000000002,1.8000000000000003,0.5682243704795837
2021-09-14 21:00:00,46624.01,TP,0.02,0.018000000000000002,1.8000000000000003,0.6348491907119751
2021-09-15 01:00:00,47043.01,TP,0.02,0.018000000000000002,1.8000000000000003,0.5425052642822266
2021-09-15 07:00:00,47166.3,TP,0.02,0.018000000000000002,1.8000000000000003,0.5458244681358337
2021-09-15 15:00:00,48255.86,SL,-0.01,-0.012,-1.2,0.5545305609703064
2021-09-15 16:00:00,48043.8,SL,-0.01,-0.012,-1.2,0.5348925590515137
2021-09-15 17:00:00,47981.04,SL,-0.01,-0.012,-1.2,0.6104143261909485
2021-09-15 18:00:00,48010.31,SL,-0.01,-0.012,-1.2,0.6174169182777405
2021-09-15 19:00:00,48054.58,SL,-0.01,-0.012,-1.2,0.5034626126289368
2021-09-21 15:00:00,43066.21,SL,-0.01,-0.012,-1.2,0.6178872585296631
2021-09-21 16:00:00,42450.8,SL,-0.01,-0.012,-1.2,0.5880568623542786
2021-09-21 17:00:00,41687.77,TP,0.02,0.018000000000000002,1.8000000000000003,0.6969998478889465
2021-09-23 05:00:00,43875.02,SL,-0.01,-0.012,-1.2,0.5011816620826721
2021-09-23 10:00:00,43755.94,TP,0.02,0.018000000000000002,1.8000000000000003,0.528434693813324
2021-09-23 11:00:00,43633.6,TP,0.02,0.018000000000000002,1.8000000000000003,0.5123318433761597
2021-09-23 12:00:00,43492.87,TP,0.02,0.018000000000000002,1.8000000000000003,0.6022845506668091
2021-09-25 00:00:00,42711.11,SL,-0.01,-0.012,-1.2,0.5118821859359741
2021-09-25 02:00:00,42326.25,SL,-0.01,-0.012,-1.2,0.5383955836296082
2021-09-25 03:00:00,42588.72,SL,-0.01,-0.012,-1.2,0.5906984806060791
2021-09-25 04:00:00,42667.4,SL,-0.01,-0.012,-1.2,0.6412562131881714
2021-09-25 05:00:00,42428.32,SL,-0.01,-0.012,-1.2,0.6353752613067627
2021-09-25 20:00:00,42623.45,SL,-0.01,-0.012,-1.2,0.5738969445228577
2021-09-25 22:00:00,42702.45,SL,-0.01,-0.012,-1.2,0.6143935918807983
2021-09-26 05:00:00,42049.67,SL,-0.01,-0.012,-1.2,0.5226947069168091
2021-09-26 08:00:00,41583.11,TP,0.02,0.018000000000000002,1.8000000000000003,0.5568584203720093
2021-09-26 09:00:00,43234.86,SL,-0.01,-0.012,-1.2,0.5232174396514893
2021-09-28 07:00:00,41762.05,SL,-0.01,-0.012,-1.2,0.5261605381965637
2021-09-28 23:00:00,41006.32,TP,0.02,0.018000000000000002,1.8000000000000003,0.5205888152122498
2021-09-29 00:00:00,41572.93,TP,0.02,0.018000000000000002,1.8000000000000003,0.5793914198875427
2021-09-29 01:00:00,41535.03,TP,0.02,0.018000000000000002,1.8000000000000003,0.5540288686752319
2021-09-30 08:00:00,43048.12,TP,0.02,0.018000000000000002,1.8000000000000003,0.5232067704200745
2021-09-30 09:00:00,43132.35,TP,0.02,0.018000000000000002,1.8000000000000003,0.5453763604164124
2021-09-30 11:00:00,43055.44,TP,0.02,0.018000000000000002,1.8000000000000003,0.5382940173149109
2021-09-30 12:00:00,43393.8,SL,-0.01,-0.012,-1.2,0.5812415480613708
2021-10-01 14:00:00,47108.59,TP,0.02,0.018000000000000002,1.8000000000000003,0.511590838432312
2021-10-01 19:00:00,48009.37,SL,-0.01,-0.012,-1.2,0.6618795394897461
2021-10-01 20:00:00,48068.15,SL,-0.01,-0.012,-1.2,0.6717970967292786
2021-10-01 21:00:00,48317.01,SL,-0.01,-0.012,-1.2,0.6842165589332581
2021-10-01 22:00:00,47990.0,SL,-0.01,-0.012,-1.2,0.710023820400238
2021-10-01 23:00:00,48123.94,SL,-0.01,-0.012,-1.2,0.7555322647094727
2021-10-06 22:00:00,55166.79,SL,-0.01,-0.012,-1.2,0.5688636302947998
2021-10-06 23:00:00,55321.6,SL,-0.01,-0.012,-1.2,0.5832289457321167
2021-10-07 00:00:00,54845.91,SL,-0.01,-0.012,-1.2,0.5828956961631775
2021-10-07 15:00:00,53959.27,TP,0.02,0.018000000000000002,1.8000000000000003,0.507466197013855
2021-10-07 19:00:00,54019.5,TP,0.02,0.018000000000000002,1.8000000000000003,0.6089727282524109
2021-10-08 04:00:00,53924.85,TP,0.02,0.018000000000000002,1.8000000000000003,0.7214304804801941
2021-10-08 13:00:00,54207.97,SL,-0.01,-0.012,-1.2,0.5037683248519897
2021-10-09 06:00:00,54877.0,SL,-0.01,-0.012,-1.2,0.5165232419967651
2021-10-13 05:00:00,55023.16,SL,-0.01,-0.012,-1.2,0.534888505935669
2021-10-13 06:00:00,55360.92,SL,-0.01,-0.012,-1.2,0.6517054438591003
2021-10-13 07:00:00,54640.19,TP,0.02,0.018000000000000002,1.8000000000000003,0.5833874940872192
2021-10-13 09:00:00,54893.45,TP,0.02,0.018000000000000002,1.8000000000000003,0.5391377210617065
2021-10-13 11:00:00,55209.51,SL,-0.01,-0.012,-1.2,0.5211809277534485
2021-10-13 14:00:00,55773.72,TP,0.02,0.018000000000000002,1.8000000000000003,0.5353158116340637
2021-10-13 15:00:00,56170.86,TP,0.02,0.018000000000000002,1.8000000000000003,0.5537675619125366
2021-10-16 09:00:00,61532.66,SL,-0.01,-0.012,-1.2,0.5103453993797302
2021-10-16 23:00:00,60925.56,SL,-0.01,-0.012,-1.2,0.586553692817688
2021-10-17 02:00:00,61139.99,SL,-0.01,-0.012,-1.2,0.5095624923706055
2021-10-17 04:00:00,60969.59,SL,-0.01,-0.012,-1.2,0.5486141443252563
2021-10-17 05:00:00,60718.0,SL,-0.01,-0.012,-1.2,0.523141086101532
2021-10-17 06:00:00,60715.02,SL,-0.01,-0.012,-1.2,0.5580527186393738
2021-10-17 07:00:00,60389.57,SL,-0.01,-0.012,-1.2,0.6128460764884949
2021-10-17 08:00:00,60722.86,SL,-0.01,-0.012,-1.2,0.5640798211097717
2021-10-17 10:00:00,61200.0,SL,-0.01,-0.012,-1.2,0.5269095301628113
2021-10-17 11:00:00,61021.05,SL,-0.01,-0.012,-1.2,0.7141145467758179
2021-10-17 12:00:00,60925.38,SL,-0.01,-0.012,-1.2,0.6707140803337097
2021-10-17 13:00:00,61075.82,SL,-0.01,-0.012,-1.2,0.6895696520805359
2021-10-17 14:00:00,61084.51,SL,-0.01,-0.012,-1.2,0.6696572303771973
2021-10-17 15:00:00,60820.55,SL,-0.01,-0.012,-1.2,0.7148860096931458
2021-10-17 18:00:00,61027.86,SL,-0.01,-0.012,-1.2,0.6403999924659729
2021-10-19 00:00:00,61890.42,TP,0.02,0.018000000000000002,1.8000000000000003,0.5124766826629639
2021-10-20 22:00:00,65978.79,SL,-0.01,-0.012,-1.2,0.5956400036811829
2021-10-20 23:00:00,66064.24,SL,-0.01,-0.012,-1.2,0.5641865134239197
2021-10-21 00:00:00,65748.75,SL,-0.01,-0.012,-1.2,0.6040191054344177
2021-10-21 01:00:00,65125.01,SL,-0.01,-0.012,-1.2,0.6790309548377991
2021-10-21 02:00:00,65023.22,SL,-0.01,-0.012,-1.2,0.5556925535202026
2021-10-21 04:00:00,65094.55,SL,-0.01,-0.012,-1.2,0.5347655415534973
2021-10-21 12:00:00,65127.79,SL,-0.01,-0.012,-1.2,0.5803345441818237
2021-10-22 08:00:00,63614.36,SL,-0.01,-0.012,-1.2,0.5045180320739746
2021-10-22 09:00:00,63332.0,SL,-0.01,-0.012,-1.2,0.5429441928863525
2021-10-22 10:00:00,63239.35,SL,-0.01,-0.012,-1.2,0.6464135050773621
2021-10-22 11:00:00,63420.67,SL,-0.01,-0.012,-1.2,0.6853370666503906
2021-10-22 12:00:00,63682.13,SL,-0.01,-0.012,-1.2,0.6067470908164978
2021-10-22 13:00:00,62485.47,SL,-0.01,-0.012,-1.2,0.6898848414421082
2021-10-22 16:00:00,61192.12,SL,-0.01,-0.012,-1.2,0.5704860687255859
2021-10-24 11:00:00,60329.66,SL,-0.01,-0.012,-1.2,0.5365840792655945
2021-10-25 19:00:00,62749.99,SL,-0.01,-0.012,-1.2,0.5274328589439392
2021-10-25 20:00:00,62626.29,SL,-0.01,-0.012,-1.2,0.5489846467971802
2021-10-25 21:00:00,62888.48,SL,-0.01,-0.012,-1.2,0.5546631813049316
2021-10-25 22:00:00,63054.8,SL,-0.01,-0.012,-1.2,0.5491245985031128
2021-10-25 23:00:00,63127.04,SL,-0.01,-0.012,-1.2,0.5739453434944153
2021-10-26 00:00:00,63181.59,SL,-0.01,-0.012,-1.2,0.5290907025337219
2021-10-28 00:00:00,58290.43,TP,0.02,0.018000000000000002,1.8000000000000003,0.5389776229858398
2021-10-28 01:00:00,58963.81,TP,0.02,0.018000000000000002,1.8000000000000003,0.6652384996414185
2021-10-28 02:00:00,58970.6,TP,0.02,0.018000000000000002,1.8000000000000003,0.7294496297836304
2021-10-28 03:00:00,58876.25,TP,0.02,0.018000000000000002,1.8000000000000003,0.7542118430137634
2021-10-28 04:00:00,58830.89,TP,0.02,0.018000000000000002,1.8000000000000003,0.6353955864906311
2021-10-28 05:00:00,59094.45,TP,0.02,0.018000000000000002,1.8000000000000003,0.6032719016075134
2021-10-28 06:00:00,59080.16,TP,0.02,0.018000000000000002,1.8000000000000003,0.6281421780586243
2021-10-30 23:00:00,61895.19,SL,-0.01,-0.012,-1.2,0.5047788619995117
2021-10-31 00:00:00,62418.01,SL,-0.01,-0.012,-1.2,0.5389854311943054
2021-10-31 03:00:00,61768.51,SL,-0.01,-0.012,-1.2,0.5844836831092834
2021-10-31 04:00:00,61463.12,SL,-0.01,-0.012,-1.2,0.5185537338256836
2021-11-03 01:00:00,63210.25,SL,-0.01,-0.012,-1.2,0.5080381631851196
2021-11-03 11:00:00,63175.6,SL,-0.01,-0.012,-1.2,0.6022445559501648
2021-11-06 05:00:00,61478.74,SL,-0.01,-0.012,-1.2,0.5386161804199219
2021-11-06 06:00:00,61318.58,SL,-0.01,-0.012,-1.2,0.528764545917511
2021-11-08 08:00:00,66301.32,SL,-0.01,-0.012,-1.2,0.5303536057472229
2021-11-08 09:00:00,66134.97,SL,-0.01,-0.012,-1.2,0.5123496651649475
2021-11-08 10:00:00,66090.55,SL,-0.01,-0.012,-1.2,0.5166975259780884
2021-11-08 12:00:00,65857.68,TP,0.02,0.018000000000000002,1.8000000000000003,0.5723146200180054
2021-11-08 13:00:00,65446.47,TP,0.02,0.018000000000000002,1.8000000000000003,0.6587612628936768
2021-11-08 16:00:00,66003.83,TP,0.02,0.018000000000000002,1.8000000000000003,0.6244082450866699
2021-11-08 17:00:00,66031.95,TP,0.02,0.018000000000000002,1.8000000000000003,0.5618500113487244
2021-11-08 18:00:00,65957.43,TP,0.02,0.018000000000000002,1.8000000000000003,0.6153910160064697
2021-11-10 02:00:00,66911.62,SL,-0.01,-0.012,-1.2,0.5418015122413635
2021-11-16 21:00:00,60487.04,SL,-0.01,-0.012,-1.2,0.551010012626648
2021-11-16 22:00:00,60609.26,SL,-0.01,-0.012,-1.2,0.6287895441055298
2021-11-16 23:00:00,60106.03,SL,-0.01,-0.012,-1.2,0.5853291153907776
2021-11-17 00:00:00,59760.78,SL,-0.01,-0.012,-1.2,0.711787760257721
2021-11-17 01:00:00,59373.81,SL,-0.01,-0.012,-1.2,0.5630522966384888
2021-11-17 02:00:00,59414.09,SL,-0.01,-0.012,-1.2,0.5699403882026672
2021-11-17 04:00:00,59452.1,SL,-0.01,-0.012,-1.2,0.6856361031532288
2021-11-18 22:00:00,56640.0,SL,-0.01,-0.012,-1.2,0.5729246735572815
2021-11-19 08:00:00,57043.71,TP,0.02,0.018000000000000002,1.8000000000000003,0.5703502893447876
2021-11-19 10:00:00,56915.59,TP,0.02,0.018000000000000002,1.8000000000000003,0.5404998660087585
2021-11-20 08:00:00,58490.31,SL,-0.01,-0.012,-1.2,0.5487337708473206
2021-11-20 09:00:00,58523.78,SL,-0.01,-0.012,-1.2,0.5203073024749756
2021-11-21 17:00:00,59489.93,SL,-0.01,-0.012,-1.2,0.5193020105361938
2021-11-21 19:00:00,59330.79,SL,-0.01,-0.012,-1.2,0.5797696113586426
2021-11-22 15:00:00,58206.7,SL,-0.01,-0.012,-1.2,0.5685639977455139
2021-11-22 16:00:00,57734.93,SL,-0.01,-0.012,-1.2,0.6055482625961304
2021-11-22 17:00:00,57458.91,SL,-0.01,-0.012,-1.2,0.6686583161354065
2021-11-22 18:00:00,56457.77,SL,-0.01,-0.012,-1.2,0.5668485760688782
2021-11-23 09:00:00,56657.05,SL,-0.01,-0.012,-1.2,0.5293458104133606
2021-11-23 10:00:00,56358.18,TP,0.02,0.018000000000000002,1.8000000000000003,0.6074461340904236
2021-11-23 12:00:00,56346.84,TP,0.02,0.018000000000000002,1.8000000000000003,0.6374672055244446
2021-11-24 15:00:00,56750.7,TP,0.02,0.018000000000000002,1.8000000000000003,0.5158233642578125
2021-11-24 16:00:00,56641.38,TP,0.02,0.018000000000000002,1.8000000000000003,0.5478770732879639
2021-11-24 17:00:00,56587.22,TP,0.02,0.018000000000000002,1.8000000000000003,0.5293052196502686
2021-11-24 18:00:00,56835.0,TP,0.02,0.018000000000000002,1.8000000000000003,0.5961968898773193
2021-11-24 19:00:00,56870.19,TP,0.02,0.018000000000000002,1.8000000000000003,0.5800357460975647
2021-11-25 00:00:00,58061.29,SL,-0.01,-0.012,-1.2,0.5038262009620667
2021-11-25 01:00:00,57786.46,SL,-0.01,-0.012,-1.2,0.536482572555542
2021-11-25 03:00:00,57779.29,SL,-0.01,-0.012,-1.2,0.5588681697845459
2021-11-25 05:00:00,57154.68,TP,0.02,0.018000000000000002,1.8000000000000003,0.5183886885643005
2021-11-26 10:00:00,54450.0,SL,-0.01,-0.012,-1.2,0.8439875841140747
2021-11-26 11:00:00,53766.35,TP,0.02,0.018000000000000002,1.8000000000000003,0.819745659828186
2021-11-27 03:00:00,54368.67,SL,-0.01,-0.012,-1.2,0.6939836740493774
2021-11-27 04:00:00,54493.72,SL,-0.01,-0.012,-1.2,0.5957959294319153
2021-11-27 05:00:00,54257.62,SL,-0.01,-0.012,-1.2,0.6598636507987976
2021-11-27 07:00:00,54413.02,SL,-0.01,-0.012,-1.2,0.5831031203269958
2021-11-28 09:00:00,54368.4,SL,-0.01,-0.012,-1.2,0.5025213360786438
2021-11-28 11:00:00,54540.07,SL,-0.01,-0.012,-1.2,0.5420161485671997
2021-11-28 12:00:00,54391.56,SL,-0.01,-0.012,-1.2,0.502723217010498
2021-11-28 13:00:00,54314.78,SL,-0.01,-0.012,-1.2,0.5278475880622864
2021-11-28 14:00:00,54395.61,SL,-0.01,-0.012,-1.2,0.5586791038513184
2021-11-28 16:00:00,54213.61,SL,-0.01,-0.012,-1.2,0.5894693732261658
2021-11-28 17:00:00,53941.41,SL,-0.01,-0.012,-1.2,0.5254675149917603
2021-11-29 07:00:00,57536.53,SL,-0.01,-0.012,-1.2,0.523852527141571
2021-11-29 09:00:00,56917.76,TP,0.02,0.018000000000000002,1.8000000000000003,0.7139058113098145
2021-11-29 10:00:00,57221.49,TP,0.02,0.018000000000000002,1.8000000000000003,0.6822324395179749
2021-11-29 11:00:00,56929.74,TP,0.02,0.018000000000000002,1.8000000000000003,0.6750339865684509
2021-11-29 12:00:00,56946.71,TP,0.02,0.018000000000000002,1.8000000000000003,0.6446138024330139
2021-12-04 04:00:00,50278.8,SL,-0.01,-0.012,-1.2,0.5231707096099854
2021-12-05 02:00:00,49047.81,SL,-0.01,-0.012,-1.2,0.5702934265136719
2021-12-05 04:00:00,48935.26,SL,-0.01,-0.012,-1.2,0.5605430603027344
2021-12-05 15:00:00,47954.99,TP,0.02,0.018000000000000002,1.8000000000000003,0.7438014149665833
2021-12-05 16:00:00,48476.82,TP,0.02,0.018000000000000002,1.8000000000000003,0.5128933787345886
2021-12-06 10:00:00,47484.86,TP,0.02,0.018000000000000002,1.8000000000000003,0.6641059517860413
2021-12-07 15:00:00,51721.54,SL,-0.01,-0.012,-1.2,0.5424060821533203
2021-12-07 16:00:00,51332.71,SL,-0.01,-0.012,-1.2,0.6444969773292542
2021-12-07 17:00:00,50979.9,SL,-0.01,-0.012,-1.2,0.5375897288322449
2021-12-07 18:00:00,50926.0,SL,-0.01,-0.012,-1.2,0.6097316145896912
2021-12-07 19:00:00,50880.7,SL,-0.01,-0.012,-1.2,0.5865833163261414
2021-12-07 21:00:00,50492.44,SL,-0.01,-0.012,-1.2,0.5572447180747986
2021-12-08 07:00:00,50489.99,SL,-0.01,-0.012,-1.2,0.594801664352417
2021-12-08 10:00:00,49232.88,SL,-0.01,-0.012,-1.2,0.5481606721878052
2021-12-09 10:00:00,49291.64,SL,-0.01,-0.012,-1.2,0.5125821828842163
2021-12-10 04:00:00,48154.89,SL,-0.01,-0.012,-1.2,0.5239567160606384
2021-12-10 05:00:00,48240.1,SL,-0.01,-0.012,-1.2,0.5263799428939819
2021-12-10 07:00:00,47685.3,TP,0.02,0.018000000000000002,1.8000000000000003,0.6166154742240906
2021-12-10 08:00:00,48072.43,TP,0.02,0.018000000000000002,1.8000000000000003,0.7047003507614136
2021-12-10 10:00:00,48194.77,TP,0.02,0.018000000000000002,1.8000000000000003,0.5180723071098328
2021-12-10 14:00:00,48269.77,SL,-0.01,-0.012,-1.2,0.5556462407112122
2021-12-10 16:00:00,47520.58,TP,0.02,0.018000000000000002,1.8000000000000003,0.5171834230422974
2021-12-11 16:00:00,48984.36,SL,-0.01,-0.012,-1.2,0.5363050699234009
2021-12-11 21:00:00,48763.68,TP,0.02,0.018000000000000002,1.8000000000000003,0.5523407459259033
2021-12-11 22:00:00,48811.1,TP,0.02,0.018000000000000002,1.8000000000000003,0.6203135251998901
2021-12-11 23:00:00,49381.15,SL,-0.01,-0.012,-1.2,0.5049224495887756
2021-12-12 00:00:00,49309.61,SL,-0.01,-0.012,-1.2,0.5803343653678894
2021-12-12 01:00:00,49162.71,SL,-0.01,-0.012,-1.2,0.5839658975601196
2021-12-12 03:00:00,49279.08,SL,-0.01,-0.012,-1.2,0.6486101746559143
2021-12-12 04:00:00,48851.37,TP,0.02,0.018000000000000002,1.8000000000000003,0.6693254709243774
2021-12-12 05:00:00,48967.66,TP,0.02,0.018000000000000002,1.8000000000000003,0.6740483045578003
2021-12-12 06:00:00,49147.21,SL,-0.01,-0.012,-1.2,0.6823568344116211
2021-12-12 07:00:00,49276.18,SL,-0.01,-0.012,-1.2,0.6487171649932861
2021-12-12 08:00:00,48952.24,TP,0.02,0.018000000000000002,1.8000000000000003,0.5255923867225647
2021-12-12 13:00:00,49778.83,SL,-0.01,-0.012,-1.2,0.5404306054115295
2021-12-14 09:00:00,46820.43,TP,0.02,0.018000000000000002,1.8000000000000003,0.639410138130188
2021-12-14 10:00:00,47316.0,SL,-0.01,-0.012,-1.2,0.5843223929405212
2021-12-14 17:00:00,46614.11,TP,0.02,0.018000000000000002,1.8000000000000003,0.5360872745513916
2021-12-15 04:00:00,48216.16,SL,-0.01,-0.012,-1.2,0.5364106297492981
2021-12-15 10:00:00,48247.31,SL,-0.01,-0.012,-1.2,0.5973542928695679
2021-12-15 11:00:00,48135.18,SL,-0.01,-0.012,-1.2,0.7043170928955078
2021-12-15 12:00:00,47592.53,SL,-0.01,-0.012,-1.2,0.5029408931732178
2021-12-15 16:00:00,46986.62,TP,0.02,0.018000000000000002,1.8000000000000003,0.5579389929771423
2021-12-16 05:00:00,48520.01,SL,-0.01,-0.012,-1.2,0.5013657212257385
2021-12-17 11:00:00,47100.0,SL,-0.01,-0.012,-1.2,0.5931349396705627
2021-12-17 15:00:00,46487.19,TP,0.02,0.018000000000000002,1.8000000000000003,0.5081004500389099
2021-12-17 16:00:00,47059.43,SL,-0.01,-0.012,-1.2,0.5020824074745178
2021-12-17 17:00:00,46748.83,SL,-0.01,-0.012,-1.2,0.5358240008354187
2021-12-17 18:00:00,46975.05,SL,-0.01,-0.012,-1.2,0.5318047404289246
2021-12-17 19:00:00,46742.66,SL,-0.01,-0.012,-1.2,0.5599392056465149
2021-12-18 17:00:00,46657.55,TP,0.02,0.018000000000000002,1.8000000000000003,0.5545631647109985
2021-12-18 18:00:00,46720.28,TP,0.02,0.018000000000000002,1.8000000000000003,0.5895056128501892
2021-12-19 02:00:00,47121.61,TP,0.02,0.018000000000000002,1.8000000000000003,0.5489749312400818
2021-12-19 05:00:00,47601.88,SL,-0.01,-0.012,-1.2,0.5520949363708496
2021-12-19 06:00:00,47471.12,SL,-0.01,-0.012,-1.2,0.5018306970596313
2021-12-19 09:00:00,47093.6,TP,0.02,0.018000000000000002,1.8000000000000003,0.6455000638961792
2021-12-19 10:00:00,47126.85,TP,0.02,0.018000000000000002,1.8000000000000003,0.5543757081031799
2021-12-20 16:00:00,46391.53,TP,0.02,0.018000000000000002,1.8000000000000003,0.5022100806236267
2021-12-20 18:00:00,46240.74,TP,0.02,0.018000000000000002,1.8000000000000003,0.5426424145698547
2021-12-20 19:00:00,46559.71,TP,0.02,0.018000000000000002,1.8000000000000003,0.5615443587303162
2021-12-20 20:00:00,46991.66,TP,0.02,0.018000000000000002,1.8000000000000003,0.5040972828865051
2021-12-23 14:00:00,48577.45,TP,0.02,0.018000000000000002,1.8000000000000003,0.5128800272941589
2021-12-24 02:00:00,51036.13,SL,-0.01,-0.012,-1.2,0.6653989553451538
2021-12-24 03:00:00,51029.98,SL,-0.01,-0.012,-1.2,0.5760321021080017
2021-12-24 18:00:00,51582.1,SL,-0.01,-0.012,-1.2,0.5290181040763855
2021-12-26 22:00:00,50963.96,SL,-0.01,-0.012,-1.2,0.6158115863800049
2021-12-26 23:00:00,50765.73,TP,0.02,0.018000000000000002,1.8000000000000003,0.6901760697364807
2021-12-27 01:00:00,50772.06,TP,0.02,0.018000000000000002,1.8000000000000003,0.5196684002876282
2021-12-27 02:00:00,50813.26,TP,0.02,0.018000000000000002,1.8000000000000003,0.5927667617797852
2021-12-27 03:00:00,51007.02,TP,0.02,0.018000000000000002,1.8000000000000003,0.6053124070167542
2021-12-27 04:00:00,50996.6,TP,0.02,0.018000000000000002,1.8000000000000003,0.578411877155304
2021-12-27 07:00:00,50693.01,TP,0.02,0.018000000000000002,1.8000000000000003,0.5531010627746582
2021-12-27 09:00:00,50750.16,TP,0.02,0.018000000000000002,1.8000000000000003,0.5155099630355835
2021-12-27 10:00:00,50788.35,TP,0.02,0.018000000000000002,1.8000000000000003,0.5775144696235657
2021-12-27 13:00:00,51293.82,SL,-0.01,-0.012,-1.2,0.6202775835990906
2021-12-27 14:00:00,51490.09,SL,-0.01,-0.012,-1.2,0.5587368011474609
2021-12-27 21:00:00,50972.15,SL,-0.01,-0.012,-1.2,0.5917511582374573
2021-12-29 08:00:00,47715.0,SL,-0.01,-0.012,-1.2,0.5287917256355286
2021-12-29 10:00:00,47693.14,SL,-0.01,-0.012,-1.2,0.5255802869796753
2021-12-29 20:00:00,47362.33,SL,-0.01,-0.012,-1.2,0.5434048175811768
2021-12-29 21:00:00,47228.23,SL,-0.01,-0.012,-1.2,0.551238477230072
2021-12-29 22:00:00,47273.37,SL,-0.01,-0.012,-1.2,0.6185975074768066
2021-12-30 08:00:00,46784.35,TP,0.02,0.018000000000000002,1.8000000000000003,0.5031753182411194
2021-12-31 08:00:00,48426.51,SL,-0.01,-0.012,-1.2,0.5080941915512085
2022-01-01 06:00:00,46972.19,TP,0.02,0.018000000000000002,1.8000000000000003,0.5120841860771179
2022-01-01 11:00:00,46755.01,TP,0.02,0.018000000000000002,1.8000000000000003,0.6947253346443176
2022-01-01 14:00:00,46909.2,TP,0.02,0.018000000000000002,1.8000000000000003,0.5958537459373474
2022-01-03 12:00:00,47192.64,SL,-0.01,-0.012,-1.2,0.5504178404808044
2022-01-03 22:00:00,46214.28,TP,0.02,0.018000000000000002,1.8000000000000003,0.5008140206336975
2022-01-04 00:00:00,46251.5,TP,0.02,0.018000000000000002,1.8000000000000003,0.5031397938728333
2022-01-04 05:00:00,46151.49,TP,0.02,0.018000000000000002,1.8000000000000003,0.558273196220398
2022-01-04 06:00:00,46359.14,TP,0.02,0.018000000000000002,1.8000000000000003,0.690352201461792
2022-01-04 07:00:00,46521.68,TP,0.02,0.018000000000000002,1.8000000000000003,0.7133866548538208
2022-01-04 08:00:00,46475.02,TP,0.02,0.018000000000000002,1.8000000000000003,0.6439676284790039
2022-01-04 09:00:00,46355.2,TP,0.02,0.018000000000000002,1.8000000000000003,0.6674267053604126
2022-01-04 10:00:00,46599.84,SL,-0.01,-0.012,-1.2,0.5280429124832153
2022-01-05 08:00:00,46626.53,SL,-0.01,-0.012,-1.2,0.5140764713287354
2022-01-05 11:00:00,46271.93,SL,-0.01,-0.012,-1.2,0.5382325053215027
2022-01-07 04:00:00,41680.0,SL,-0.01,-0.012,-1.2,0.5112139582633972
2022-01-12 09:00:00,42778.0,TP,0.02,0.018000000000000002,1.8000000000000003,0.5347900986671448
2022-01-12 10:00:00,42739.14,TP,0.02,0.018000000000000002,1.8000000000000003,0.5425929427146912
2022-01-12 12:00:00,43245.67,TP,0.02,0.018000000000000002,1.8000000000000003,0.5000947713851929
2022-01-12 20:00:00,43794.87,SL,-0.01,-0.012,-1.2,0.5014475584030151
2022-01-13 09:00:00,43855.47,SL,-0.01,-0.012,-1.2,0.50180584192276
2022-01-13 13:00:00,43891.64,SL,-0.01,-0.012,-1.2,0.5292202234268188
2022-01-14 15:00:00,43082.57,SL,-0.01,-0.012,-1.2,0.5185458064079285
2022-01-14 16:00:00,43183.63,SL,-0.01,-0.012,-1.2,0.5473421216011047
2022-01-15 16:00:00,43306.35,SL,-0.01,-0.012,-1.2,0.5011476874351501
2022-01-15 19:00:00,43496.85,SL,-0.01,-0.012,-1.2,0.5320684313774109
2022-01-16 06:00:00,43171.67,SL,-0.01,-0.012,-1.2,0.6634252667427063
2022-01-16 07:00:00,43173.02,SL,-0.01,-0.012,-1.2,0.5019600987434387
2022-01-16 16:00:00,43359.08,SL,-0.01,-0.012,-1.2,0.5482460856437683
2022-01-20 13:00:00,42368.81,TP,0.02,0.018000000000000002,1.8000000000000003,0.5295315980911255
2022-01-20 14:00:00,42941.36,SL,-0.01,-0.012,-1.2,0.5794631838798523
2022-01-21 03:00:00,38447.91,TP,0.02,0.018000000000000002,1.8000000000000003,0.5470425486564636
2022-01-22 07:00:00,35374.14,SL,-0.01,-0.012,-1.2,0.5164211988449097
2022-01-22 11:00:00,35385.59,TP,0.02,0.018000000000000002,1.8000000000000003,0.6118775606155396
2022-01-22 12:00:00,35744.46,SL,-0.01,-0.012,-1.2,0.538305401802063
2022-01-25 02:00:00,36298.0,SL,-0.01,-0.012,-1.2,0.5026950836181641
2022-01-25 04:00:00,35939.0,TP,0.02,0.018000000000000002,1.8000000000000003,0.5083194375038147
2022-01-25 05:00:00,36037.16,TP,0.02,0.018000000000000002,1.8000000000000003,0.5272314548492432
2022-01-25 06:00:00,35834.99,TP,0.02,0.018000000000000002,1.8000000000000003,0.5349376797676086
2022-01-25 07:00:00,36035.0,TP,0.02,0.018000000000000002,1.8000000000000003,0.5622610449790955
2022-01-25 08:00:00,36059.27,TP,0.02,0.018000000000000002,1.8000000000000003,0.600296139717102
2022-01-27 10:00:00,36301.17,TP,0.02,0.018000000000000002,1.8000000000000003,0.5503365993499756
2022-01-27 12:00:00,36650.16,SL,-0.01,-0.012,-1.2,0.5404512286186218
2022-01-29 11:00:00,37723.57,SL,-0.01,-0.012,-1.2,0.5891537666320801
2022-01-31 15:00:00,37694.46,TP,0.02,0.018000000000000002,1.8000000000000003,0.5206419825553894
2022-01-31 16:00:00,38304.62,TP,0.02,0.018000000000000002,1.8000000000000003,0.5798097252845764
2022-02-02 12:00:00,38692.33,SL,-0.01,-0.012,-1.2,0.6159084439277649
2022-02-03 15:00:00,36876.56,SL,-0.01,-0.012,-1.2,0.5188595056533813
2022-02-04 05:00:00,37521.17,TP,0.02,0.018000000000000002,1.8000000000000003,0.5113475322723389
2022-02-04 10:00:00,37873.08,SL,-0.01,-0.012,-1.2,0.539000928401947
2022-02-05 02:00:00,41350.85,SL,-0.01,-0.012,-1.2,0.5365048050880432
2022-02-06 09:00:00,41630.0,SL,-0.01,-0.012,-1.2,0.5358447432518005
2022-02-06 10:00:00,41570.0,SL,-0.01,-0.012,-1.2,0.5858076214790344
2022-02-06 13:00:00,41679.99,SL,-0.01,-0.012,-1.2,0.5916562676429749
2022-02-06 14:00:00,41300.0,TP,0.02,0.018000000000000002,1.8000000000000003,0.5685946941375732
2022-02-06 23:00:00,42361.35,SL,-0.01,-0.012,-1.2,0.5370993614196777
2022-02-08 19:00:00,42985.41,TP,0.02,0.018000000000000002,1.8000000000000003,0.5209373831748962
2022-02-09 02:00:00,43317.14,TP,0.02,0.018000000000000002,1.8000000000000003,0.5479986071586609
2022-02-09 03:00:00,43321.58,TP,0.02,0.018000000000000002,1.8000000000000003,0.5520840287208557
2022-02-09 04:00:00,43434.95,TP,0.02,0.018000000000000002,1.8000000000000003,0.6831026673316956
2022-02-09 05:00:00,43567.22,TP,0.02,0.018000000000000002,1.8000000000000003,0.6971495151519775
2022-02-09 06:00:00,43679.26,SL,-0.01,-0.012,-1.2,0.6126918792724609
2022-02-09 07:00:00,43798.9,SL,-0.01,-0.012,-1.2,0.6232805252075195
2022-02-09 08:00:00,43374.51,TP,0.02,0.018000000000000002,1.8000000000000003,0.6411145329475403
2022-02-09 09:00:00,43372.26,TP,0.02,0.018000000000000002,1.8000000000000003,0.5779929757118225
2022-02-09 10:00:00,43599.08,TP,0.02,0.018000000000000002,1.8000000000000003,0.6729092001914978
2022-02-09 11:00:00,43686.65,TP,0.02,0.018000000000000002,1.8000000000000003,0.5056727528572083
2022-02-10 07:00:00,44066.19,TP,0.02,0.018000000000000002,1.8000000000000003,0.5539937019348145
2022-02-10 09:00:00,44377.2,SL,-0.01,-0.012,-1.2,0.5881252288818359
2022-02-10 10:00:00,44627.62,SL,-0.01,-0.012,-1.2,0.5725947618484497
2022-02-11 18:00:00,42652.95,SL,-0.01,-0.012,-1.2,0.6498808860778809
2022-02-16 00:00:00,44195.1,SL,-0.01,-0.012,-1.2,0.5066148042678833
2022-02-16 09:00:00,44002.8,SL,-0.01,-0.012,-1.2,0.5830610394477844
2022-02-16 10:00:00,44092.8,SL,-0.01,-0.012,-1.2,0.60969078540802
2022-02-16 11:00:00,44160.6,SL,-0.01,-0.012,-1.2,0.5646435618400574
2022-02-16 12:00:00,44035.8,SL,-0.01,-0.012,-1.2,0.5906146764755249
2022-02-16 13:00:00,43638.9,SL,-0.01,-0.012,-1.2,0.5589626431465149
2022-02-16 14:00:00,43492.2,TP,0.02,0.018000000000000002,1.8000000000000003,0.5268720388412476
2022-02-16 18:00:00,43817.8,SL,-0.01,-0.012,-1.2,0.5109767913818359
2022-02-16 20:00:00,44078.7,SL,-0.01,-0.012,-1.2,0.5138838291168213
2022-02-16 21:00:00,44050.4,SL,-0.01,-0.012,-1.2,0.5247372388839722
2022-02-16 22:00:00,44000.0,SL,-0.01,-0.012,-1.2,0.516133189201355
2022-02-16 23:00:00,43860.7,SL,-0.01,-0.012,-1.2,0.519492506980896
2022-02-17 00:00:00,44050.2,SL,-0.01,-0.012,-1.2,0.5371385812759399
2022-02-17 02:00:00,43994.2,SL,-0.01,-0.012,-1.2,0.5023524761199951
2022-02-17 03:00:00,43574.3,SL,-0.01,-0.012,-1.2,0.5064964890480042
2022-02-17 06:00:00,43819.9,SL,-0.01,-0.012,-1.2,0.547069787979126
2022-02-17 07:00:00,43902.4,SL,-0.01,-0.012,-1.2,0.5496279001235962
2022-02-17 08:00:00,43461.4,SL,-0.01,-0.012,-1.2,0.5403514504432678
2022-02-19 12:00:00,39743.7,SL,-0.01,-0.012,-1.2,0.6082271933555603
2022-02-24 02:00:00,35896.5,SL,-0.01,-0.012,-1.2,0.5126978754997253
2022-02-24 03:00:00,34907.8,SL,-0.01,-0.012,-1.2,0.5385008454322815
2022-02-25 00:00:00,38211.9,TP,0.02,0.018000000000000002,1.8000000000000003,0.5488810539245605
2022-02-25 05:00:00,38438.9,SL,-0.01,-0.012,-1.2,0.5065433382987976
2022-02-25 07:00:00,38462.5,SL,-0.01,-0.012,-1.2,0.5439634323120117
2022-02-26 15:00:00,39192.0,SL,-0.01,-0.012,-1.2,0.5213790535926819
2022-02-26 16:00:00,39129.2,SL,-0.01,-0.012,-1.2,0.5231959223747253
2022-02-26 20:00:00,39303.0,SL,-0.01,-0.012,-1.2,0.5068559646606445
2022-02-26 22:00:00,39126.7,SL,-0.01,-0.012,-1.2,0.5609558820724487
2022-02-26 23:00:00,39099.3,SL,-0.01,-0.012,-1.2,0.550605833530426
2022-02-27 01:00:00,38228.3,TP,0.02,0.018000000000000002,1.8000000000000003,0.6078237891197205
2022-02-27 07:00:00,38770.3,TP,0.02,0.018000000000000002,1.8000000000000003,0.5021932125091553
2022-02-27 09:00:00,39053.7,TP,0.02,0.018000000000000002,1.8000000000000003,0.5268918871879578
2022-02-27 10:00:00,39349.6,SL,-0.01,-0.012,-1.2,0.5970305800437927
2022-02-27 11:00:00,39463.4,SL,-0.01,-0.012,-1.2,0.5527361035346985
2022-02-27 18:00:00,38900.1,SL,-0.01,-0.012,-1.2,0.5090974569320679
2022-02-28 14:00:00,39793.5,TP,0.02,0.018000000000000002,1.8000000000000003,0.6673710942268372
2022-02-28 15:00:00,40792.8,TP,0.02,0.018000000000000002,1.8000000000000003,0.5528221726417542
2022-03-01 01:00:00,43254.1,SL,-0.01,-0.012,-1.2,0.5316668748855591
2022-03-01 03:00:00,43140.8,TP,0.02,0.018000000000000002,1.8000000000000003,0.6500874757766724
2022-03-01 05:00:00,43196.0,TP,0.02,0.018000000000000002,1.8000000000000003,0.5888146758079529
2022-03-01 06:00:00,43439.6,SL,-0.01,-0.012,-1.2,0.6040557026863098
2022-03-01 07:00:00,43471.7,SL,-0.01,-0.012,-1.2,0.6022188067436218
2022-03-01 09:00:00,43253.1,SL,-0.01,-0.012,-1.2,0.547776997089386
2022-03-01 10:00:00,43569.9,TP,0.02,0.018000000000000002,1.8000000000000003,0.526023805141449
2022-03-01 11:00:00,43599.9,TP,0.02,0.018000000000000002,1.8000000000000003,0.5013937950134277
2022-03-03 03:00:00,43312.7,SL,-0.01,-0.012,-1.2,0.5793452262878418
2022-03-03 05:00:00,43320.0,SL,-0.01,-0.012,-1.2,0.696806013584137
2022-03-03 06:00:00,43430.1,SL,-0.01,-0.012,-1.2,0.5511980652809143
2022-03-03 07:00:00,43468.0,SL,-0.01,-0.012,-1.2,0.6427953839302063
2022-03-03 08:00:00,43457.0,SL,-0.01,-0.012,-1.2,0.6651945114135742
2022-03-03 09:00:00,43157.2,TP,0.02,0.018000000000000002,1.8000000000000003,0.5506280064582825
2022-03-03 10:00:00,43389.3,SL,-0.01,-0.012,-1.2,0.6382532715797424
2022-03-09 05:00:00,41509.2,TP,0.02,0.018000000000000002,1.8000000000000003,0.5125848650932312
2022-03-09 13:00:00,41865.0,SL,-0.01,-0.012,-1.2,0.5379167795181274
2022-03-11 01:00:00,38659.0,SL,-0.01,-0.012,-1.2,0.5360813736915588
2022-03-11 02:00:00,38251.0,TP,0.02,0.018000000000000002,1.8000000000000003,0.6046798229217529
2022-03-11 05:00:00,38748.7,TP,0.02,0.018000000000000002,1.8000000000000003,0.5384514331817627
2022-03-11 06:00:00,38917.1,TP,0.02,0.018000000000000002,1.8000000000000003,0.5141127705574036
2022-03-11 11:00:00,39878.4,SL,-0.01,-0.012,-1.2,0.5094383358955383
2022-03-15 19:00:00,39730.7,SL,-0.01,-0.012,-1.2,0.5011933445930481
2022-03-15 21:00:00,39642.8,SL,-0.01,-0.012,-1.2,0.5287654399871826
2022-03-15 22:00:00,39458.3,SL,-0.01,-0.012,-1.2,0.5178450345993042
2022-03-17 10:00:00,40719.9,SL,-0.01,-0.012,-1.2,0.5123064517974854
2022-03-17 11:00:00,40743.4,SL,-0.01,-0.012,-1.2,0.5169063806533813
2022-03-17 19:00:00,40859.2,SL,-0.01,-0.012,-1.2,0.5818817615509033
2022-03-17 20:00:00,40688.4,SL,-0.01,-0.012,-1.2,0.5829322338104248
2022-03-17 21:00:00,40983.3,SL,-0.01,-0.012,-1.2,0.7123039364814758
2022-03-17 22:00:00,40965.1,SL,-0.01,-0.012,-1.2,0.6498741507530212
2022-03-17 23:00:00,40898.1,SL,-0.01,-0.012,-1.2,0.6095197200775146
2022-03-18 01:00:00,40519.9,SL,-0.01,-0.012,-1.2,0.5158131122589111
2022-03-18 02:00:00,40497.6,SL,-0.01,-0.012,-1.2,0.5761424899101257
2022-03-18 03:00:00,40500.6,SL,-0.01,-0.012,-1.2,0.5851284265518188
2022-03-18 04:00:00,40591.8,SL,-0.01,-0.012,-1.2,0.5979970097541809
2022-03-18 05:00:00,40734.5,SL,-0.01,-0.012,-1.2,0.58510422706604
2022-03-18 06:00:00,40724.7,SL,-0.01,-0.012,-1.2,0.6747857928276062
2022-03-18 07:00:00,40560.7,SL,-0.01,-0.012,-1.2,0.5722740888595581
2022-03-18 08:00:00,40594.0,SL,-0.01,-0.012,-1.2,0.5473378300666809
2022-03-18 09:00:00,40499.3,SL,-0.01,-0.012,-1.2,0.595703125
2022-03-18 10:00:00,40363.5,TP,0.02,0.018000000000000002,1.8000000000000003,0.5415938496589661
2022-03-18 11:00:00,40380.7,TP,0.02,0.018000000000000002,1.8000000000000003,0.5017880201339722
2022-03-20 11:00:00,41587.9,SL,-0.01,-0.012,-1.2,0.6859769821166992
2022-03-26 20:00:00,44541.1,TP,0.02,0.018000000000000002,1.8000000000000003,0.5023090839385986
2022-03-26 22:00:00,44345.6,TP,0.02,0.018000000000000002,1.8000000000000003,0.5479558110237122
2022-03-27 21:00:00,46558.3,TP,0.02,0.018000000000000002,1.8000000000000003,0.5052244067192078
2022-03-27 22:00:00,46595.0,TP,0.02,0.018000000000000002,1.8000000000000003,0.6771185994148254
2022-03-27 23:00:00,46820.8,TP,0.02,0.018000000000000002,1.8000000000000003,0.6227442026138306
2022-03-28 00:00:00,46915.9,TP,0.02,0.018000000000000002,1.8000000000000003,0.6494930386543274
2022-03-28 01:00:00,46799.0,TP,0.02,0.018000000000000002,1.8000000000000003,0.7288699746131897
2022-03-28 02:00:00,46910.1,TP,0.02,0.018000000000000002,1.8000000000000003,0.5923194289207458
2022-03-28 03:00:00,47042.8,TP,0.02,0.018000000000000002,1.8000000000000003,0.6402029395103455
2022-03-28 04:00:00,47111.7,TP,0.02,0.018000000000000002,1.8000000000000003,0.6178869605064392
2022-03-28 05:00:00,47069.5,TP,0.02,0.018000000000000002,1.8000000000000003,0.7044202089309692
2022-03-28 06:00:00,46900.5,TP,0.02,0.018000000000000002,1.8000000000000003,0.6426638960838318
2022-03-28 07:00:00,46984.5,TP,0.02,0.018000000000000002,1.8000000000000003,0.6538359522819519
2022-03-28 08:00:00,47015.7,TP,0.02,0.018000000000000002,1.8000000000000003,0.7040409445762634
2022-03-28 09:00:00,47135.3,TP,0.02,0.018000000000000002,1.8000000000000003,0.6714317202568054
2022-03-29 13:00:00,47677.5,SL,-0.01,-0.012,-1.2,0.5363274812698364
2022-03-29 14:00:00,47777.0,SL,-0.01,-0.012,-1.2,0.7305358648300171
2022-03-29 15:00:00,47424.0,SL,-0.01,-0.012,-1.2,0.5002231597900391
2022-03-31 10:00:00,47266.5,SL,-0.01,-0.012,-1.2,0.5044863224029541
2022-03-31 12:00:00,47383.5,SL,-0.01,-0.012,-1.2,0.5428674817085266
2022-04-11 09:00:00,41372.0,SL,-0.01,-0.012,-1.2,0.5155479907989502
2022-04-11 21:00:00,39368.4,TP,0.02,0.018000000000000002,1.8000000000000003,0.5451139211654663
2022-04-15 06:00:00,40020.3,TIME,0.004227854363910243,0.0022278543639102427,0.22278543639102427,0.5552572011947632
2022-04-16 06:00:00,40409.1,TIME,0.0011259839986537687,-0.0008740160013462313,-0.08740160013462313,0.51655113697052
2022-04-16 10:00:00,40402.9,TIME,-0.0014305903784135026,-0.0034305903784135026,-0.3430590378413503,0.5126550793647766
2022-04-16 13:00:00,40416.2,TIME,-0.008224424859338438,-0.010224424859338438,-1.022442485933844,0.5060709118843079
2022-04-16 14:00:00,40480.4,SL,-0.01,-0.012,-1.2,0.7078370451927185
2022-04-16 21:00:00,40465.1,SL,-0.01,-0.012,-1.2,0.5634967088699341
2022-04-16 22:00:00,40390.0,SL,-0.01,-0.012,-1.2,0.5606628060340881
2022-04-17 01:00:00,40369.7,SL,-0.01,-0.012,-1.2,0.5106762051582336
2022-04-18 19:00:00,40670.4,TP,0.02,0.018000000000000002,1.8000000000000003,0.5188446044921875
2022-04-18 21:00:00,40790.6,TIME,0.011997862252577835,0.009997862252577835,0.9997862252577835,0.502893328666687
2022-04-18 23:00:00,40785.6,TIME,0.014041720607273264,0.012041720607273263,1.2041720607273263,0.5433104038238525
2022-04-30 11:00:00,38564.9,SL,-0.01,-0.012,-1.2,0.5662389993667603
2022-04-30 14:00:00,38238.3,SL,-0.01,-0.012,-1.2,0.5335883498191833
2022-05-01 15:00:00,38470.2,SL,-0.01,-0.012,-1.2,0.5076575875282288
2022-05-01 16:00:00,38489.3,SL,-0.01,-0.012,-1.2,0.5576961040496826
2022-05-03 17:00:00,38051.0,SL,-0.01,-0.012,-1.2,0.5619860291481018
2022-05-07 06:00:00,35797.3,SL,-0.01,-0.012,-1.2,0.5141956210136414
2022-05-07 21:00:00,34972.2,TP,0.02,0.018000000000000002,1.8000000000000003,0.6384849548339844
2022-05-07 22:00:00,35026.1,TP,0.02,0.018000000000000002,1.8000000000000003,0.6191734075546265
2022-05-09 10:00:00,32809.5,SL,-0.01,-0.012,-1.2,0.5670389533042908
2022-05-09 12:00:00,32858.8,SL,-0.01,-0.012,-1.2,0.5235517621040344
2022-05-09 14:00:00,32454.6,SL,-0.01,-0.012,-1.2,0.6072285175323486
2022-05-09 23:00:00,30056.6,SL,-0.01,-0.012,-1.2,0.6323404312133789
2022-05-12 06:00:00,27079.0,SL,-0.01,-0.012,-1.2,0.5097135305404663
2022-05-12 07:00:00,28151.9,SL,-0.01,-0.012,-1.2,0.5041918754577637
2022-05-12 08:00:00,28080.0,SL,-0.01,-0.012,-1.2,0.6460347175598145
2022-05-12 09:00:00,28043.3,SL,-0.01,-0.012,-1.2,0.6401202082633972
2022-05-12 11:00:00,28460.5,SL,-0.01,-0.012,-1.2,0.5105196833610535
2022-05-12 12:00:00,28494.8,SL,-0.01,-0.012,-1.2,0.5674542188644409
2022-05-13 15:00:00,30327.4,SL,-0.01,-0.012,-1.2,0.522819459438324
2022-05-13 18:00:00,30117.7,SL,-0.01,-0.012,-1.2,0.545670747756958
2022-05-13 21:00:00,30028.0,SL,-0.01,-0.012,-1.2,0.5381215810775757
2022-05-14 13:00:00,28827.2,TP,0.02,0.018000000000000002,1.8000000000000003,0.6712802648544312
2022-05-14 15:00:00,28812.6,TP,0.02,0.018000000000000002,1.8000000000000003,0.5077707767486572
2022-05-16 00:00:00,31105.0,SL,-0.01,-0.012,-1.2,0.5648320913314819
2022-05-18 10:00:00,29940.0,SL,-0.01,-0.012,-1.2,0.5182414650917053
2022-05-18 23:00:00,28700.6,TP,0.02,0.018000000000000002,1.8000000000000003,0.5122484564781189
2022-05-19 18:00:00,30220.1,SL,-0.01,-0.012,-1.2,0.5305614471435547
2022-05-19 21:00:00,30274.7,SL,-0.01,-0.012,-1.2,0.5463845729827881
2022-05-22 09:00:00,30132.5,SL,-0.01,-0.012,-1.2,0.5673159956932068
2022-05-22 10:00:00,30183.1,SL,-0.01,-0.012,-1.2,0.5162056088447571
2022-05-24 13:00:00,28947.3,SL,-0.01,-0.012,-1.2,0.5409409403800964
2022-05-25 04:00:00,30098.0,SL,-0.01,-0.012,-1.2,0.5195845365524292
2022-05-29 12:00:00,29367.8,SL,-0.01,-0.012,-1.2,0.5431020855903625
2022-05-30 01:00:00,29761.5,TP,0.02,0.018000000000000002,1.8000000000000003,0.5109068155288696
2022-05-30 12:00:00,30523.8,TP,0.02,0.018000000000000002,1.8000000000000003,0.5803098678588867
2022-06-06 01:00:00,30833.8,TP,0.02,0.018000000000000002,1.8000000000000003,0.5942098498344421
2022-06-06 16:00:00,31302.3,SL,-0.01,-0.012,-1.2,0.5363833904266357
2022-06-06 20:00:00,31454.6,SL,-0.01,-0.012,-1.2,0.5110495686531067
2022-06-06 21:00:00,31479.3,SL,-0.01,-0.012,-1.2,0.534258246421814
2022-06-06 22:00:00,31392.7,SL,-0.01,-0.012,-1.2,0.5736980438232422
2022-06-06 23:00:00,31361.2,SL,-0.01,-0.012,-1.2,0.5551943778991699
2022-06-07 21:00:00,31398.6,SL,-0.01,-0.012,-1.2,0.5786906480789185
2022-06-07 22:00:00,31257.4,SL,-0.01,-0.012,-1.2,0.5174843668937683
2022-06-12 05:00:00,27258.3,SL,-0.01,-0.012,-1.2,0.6353453993797302
2022-06-12 23:00:00,26564.7,SL,-0.01,-0.012,-1.2,0.631114661693573
2022-06-13 00:00:00,26291.3,SL,-0.01,-0.012,-1.2,0.6976935863494873
2022-06-13 02:00:00,25331.8,SL,-0.01,-0.012,-1.2,0.5356089472770691
2022-06-13 08:00:00,24172.9,SL,-0.01,-0.012,-1.2,0.6519091725349426
2022-06-13 11:00:00,23718.3,TP,0.02,0.018000000000000002,1.8000000000000003,0.5823684930801392
2022-06-13 12:00:00,23668.8,SL,-0.01,-0.012,-1.2,0.5048457980155945
2022-06-13 22:00:00,22575.8,SL,-0.01,-0.012,-1.2,0.6305334568023682
2022-06-14 00:00:00,21740.2,SL,-0.01,-0.012,-1.2,0.5241923332214355
2022-06-14 04:00:00,21963.9,TP,0.02,0.018000000000000002,1.8000000000000003,0.6761546730995178
2022-06-14 12:00:00,22141.4,TP,0.02,0.018000000000000002,1.8000000000000003,0.5039960145950317
2022-06-15 07:00:00,20707.5,SL,-0.01,-0.012,-1.2,0.5347238183021545
2022-06-15 12:00:00,21183.6,TP,0.02,0.018000000000000002,1.8000000000000003,0.5059670805931091
2022-06-16 22:00:00,20356.6,TP,0.02,0.018000000000000002,1.8000000000000003,0.5500690937042236
2022-06-17 00:00:00,20353.6,TP,0.02,0.018000000000000002,1.8000000000000003,0.5204881429672241
2022-06-18 18:00:00,18203.7,SL,-0.01,-0.012,-1.2,0.6069376468658447
2022-06-18 19:00:00,18059.4,SL,-0.01,-0.012,-1.2,0.7455223798751831
2022-06-19 04:00:00,18496.2,SL,-0.01,-0.012,-1.2,0.5060810446739197
2022-06-19 07:00:00,18297.2,TP,0.02,0.018000000000000002,1.8000000000000003,0.547960102558136
2022-06-19 23:00:00,20564.2,SL,-0.01,-0.012,-1.2,0.5781254172325134
2022-06-21 09:00:00,21191.1,SL,-0.01,-0.012,-1.2,0.5056325793266296
2022-06-22 18:00:00,20210.0,SL,-0.01,-0.012,-1.2,0.5212848782539368
2022-06-22 22:00:00,20088.4,SL,-0.01,-0.012,-1.2,0.5288133025169373
2022-06-27 19:00:00,20845.8,SL,-0.01,-0.012,-1.2,0.537368893623352
2022-06-27 20:00:00,20905.9,SL,-0.01,-0.012,-1.2,0.5625918507575989
2022-06-28 03:00:00,20722.6,TP,0.02,0.018000000000000002,1.8000000000000003,0.5366072058677673
2022-06-28 04:00:00,20758.3,TP,0.02,0.018000000000000002,1.8000000000000003,0.5566595196723938
2022-06-28 17:00:00,20622.4,SL,-0.01,-0.012,-1.2,0.5000627040863037
2022-06-30 20:00:00,18742.9,TP,0.02,0.018000000000000002,1.8000000000000003,0.5045500993728638
2022-07-02 11:00:00,19188.6,SL,-0.01,-0.012,-1.2,0.5061390995979309
2022-07-02 14:00:00,19274.0,SL,-0.01,-0.012,-1.2,0.5331959128379822
2022-07-03 06:00:00,19141.2,SL,-0.01,-0.012,-1.2,0.5419111251831055
2022-07-03 08:00:00,19007.6,TP,0.02,0.018000000000000002,1.8000000000000003,0.5121653079986572
2022-07-05 03:00:00,20302.8,SL,-0.01,-0.012,-1.2,0.5142738223075867
2022-07-05 08:00:00,19884.7,SL,-0.01,-0.012,-1.2,0.6087213754653931
2022-07-05 09:00:00,19758.4,SL,-0.01,-0.012,-1.2,0.5141850113868713
2022-07-07 20:00:00,21612.5,TP,0.02,0.018000000000000002,1.8000000000000003,0.5680729150772095
2022-07-08 05:00:00,21836.2,SL,-0.01,-0.012,-1.2,0.5209441184997559
2022-07-08 08:00:00,21431.5,SL,-0.01,-0.012,-1.2,0.5414947867393494
2022-07-08 09:00:00,21564.8,SL,-0.01,-0.012,-1.2,0.5085023641586304
2022-07-16 14:00:00,20805.7,TP,0.02,0.018000000000000002,1.8000000000000003,0.5348004102706909
2022-07-18 09:00:00,22232.0,SL,-0.01,-0.012,-1.2,0.5190196633338928
2022-07-18 17:00:00,21875.2,SL,-0.01,-0.012,-1.2,0.5918921828269958
2022-07-18 18:00:00,21831.4,SL,-0.01,-0.012,-1.2,0.5263046622276306
2022-07-18 20:00:00,21488.8,TP,0.02,0.018000000000000002,1.8000000000000003,0.5113579630851746
2022-07-19 20:00:00,23295.6,TP,0.02,0.018000000000000002,1.8000000000000003,0.5025238394737244
2022-07-19 22:00:00,23484.9,SL,-0.01,-0.012,-1.2,0.5152905583381653
2022-07-20 00:00:00,23033.6,TP,0.02,0.018000000000000002,1.8000000000000003,0.5560792684555054
2022-07-22 04:00:00,22963.4,TP,0.02,0.018000000000000002,1.8000000000000003,0.514396607875824
2022-07-27 21:00:00,22671.5,TP,0.02,0.018000000000000002,1.8000000000000003,0.5754023790359497
2022-07-28 00:00:00,22778.9,TP,0.02,0.018000000000000002,1.8000000000000003,0.5729154348373413
2022-07-28 01:00:00,22763.9,TP,0.02,0.018000000000000002,1.8000000000000003,0.6175858378410339
2022-07-31 20:00:00,23791.0,SL,-0.01,-0.012,-1.2,0.5146581530570984
2022-07-31 21:00:00,23582.0,SL,-0.01,-0.012,-1.2,0.5449856519699097
2022-08-01 16:00:00,23193.1,SL,-0.01,-0.012,-1.2,0.5032854676246643
2022-08-01 17:00:00,22954.5,TP,0.02,0.018000000000000002,1.8000000000000003,0.6061182022094727
2022-08-05 02:00:00,23034.2,SL,-0.01,-0.012,-1.2,0.5407883524894714
2022-08-05 04:00:00,23142.4,SL,-0.01,-0.012,-1.2,0.5318785309791565
2022-08-05 16:00:00,23024.8,SL,-0.01,-0.012,-1.2,0.5164121985435486
2022-08-06 15:00:00,23191.2,SL,-0.01,-0.012,-1.2,0.5497925877571106
2022-08-08 15:00:00,23986.9,SL,-0.01,-0.012,-1.2,0.5238983631134033
2022-08-09 08:00:00,23770.6,SL,-0.01,-0.012,-1.2,0.5191968679428101
2022-08-10 12:00:00,23968.7,SL,-0.01,-0.012,-1.2,0.526091992855072
2022-08-12 21:00:00,24100.0,TP,0.02,0.018000000000000002,1.8000000000000003,0.5120236873626709
2022-08-13 01:00:00,24545.9,SL,-0.01,-0.012,-1.2,0.5043350458145142
2022-08-14 16:00:00,24303.3,TP,0.02,0.018000000000000002,1.8000000000000003,0.582199215888977
2022-08-19 23:00:00,20824.9,TP,0.02,0.018000000000000002,1.8000000000000003,0.5675199031829834
2022-08-23 13:00:00,21506.4,SL,-0.01,-0.012,-1.2,0.5055769085884094
2022-08-26 02:00:00,21587.8,SL,-0.01,-0.012,-1.2,0.5179475545883179
2022-08-26 03:00:00,21542.0,SL,-0.01,-0.012,-1.2,0.6122080087661743
2022-08-26 04:00:00,21520.0,SL,-0.01,-0.012,-1.2,0.5365511178970337
2022-08-26 06:00:00,21413.1,SL,-0.01,-0.012,-1.2,0.5304447412490845
2022-08-26 07:00:00,21438.4,SL,-0.01,-0.012,-1.2,0.5429779887199402
2022-08-27 14:00:00,20054.2,SL,-0.01,-0.012,-1.2,0.5101522207260132
2022-08-28 14:00:00,19909.3,SL,-0.01,-0.012,-1.2,0.5173904299736023
2022-08-29 23:00:00,20275.5,SL,-0.01,-0.012,-1.2,0.5316833257675171
2022-08-30 07:00:00,20423.3,SL,-0.01,-0.012,-1.2,0.5077555179595947
2022-09-04 07:00:00,19618.5,TP,0.02,0.018000000000000002,1.8000000000000003,0.5516268610954285
2022-09-09 03:00:00,19936.0,TP,0.02,0.018000000000000002,1.8000000000000003,0.5070932507514954
2022-09-09 07:00:00,20623.6,TP,0.02,0.018000000000000002,1.8000000000000003,0.5567847490310669
2022-09-09 09:00:00,20742.3,TP,0.02,0.018000000000000002,1.8000000000000003,0.5659129619598389
2022-09-09 11:00:00,20931.7,TP,0.02,0.018000000000000002,1.8000000000000003,0.5275658965110779
2022-09-09 13:00:00,20998.8,TP,0.02,0.018000000000000002,1.8000000000000003,0.5220661163330078
2022-09-09 18:00:00,21161.9,TP,0.02,0.018000000000000002,1.8000000000000003,0.5586200952529907
2022-09-12 20:00:00,22395.8,SL,-0.01,-0.012,-1.2,0.524770975112915
2022-09-17 16:00:00,20118.8,SL,-0.01,-0.012,-1.2,0.5181366801261902
2022-09-18 00:00:00,19974.0,SL,-0.01,-0.012,-1.2,0.5197950005531311
2022-09-20 19:00:00,18985.2,SL,-0.01,-0.012,-1.2,0.5208333730697632
2022-09-21 01:00:00,18879.6,TP,0.02,0.018000000000000002,1.8000000000000003,0.5629344582557678
2022-09-21 03:00:00,19011.8,SL,-0.01,-0.012,-1.2,0.5175163745880127
2022-09-21 04:00:00,18994.0,SL,-0.01,-0.012,-1.2,0.5847367644309998
2022-09-21 17:00:00,19846.4,SL,-0.01,-0.012,-1.2,0.6073981523513794
2022-09-22 10:00:00,19140.1,SL,-0.01,-0.012,-1.2,0.5116488933563232
2022-09-27 06:00:00,20183.9,SL,-0.01,-0.012,-1.2,0.5378545522689819
2022-09-28 18:00:00,19547.2,SL,-0.01,-0.012,-1.2,0.5124056935310364
2022-10-02 15:00:00,19137.5,SL,-0.01,-0.012,-1.2,0.5179442763328552
2022-10-02 19:00:00,19253.6,SL,-0.01,-0.012,-1.2,0.5326588749885559
2022-10-05 00:00:00,20181.5,SL,-0.01,-0.012,-1.2,0.5088934898376465
2022-10-05 01:00:00,20209.0,SL,-0.01,-0.012,-1.2,0.504332959651947
2022-10-05 02:00:00,20186.4,SL,-0.01,-0.012,-1.2,0.5877984762191772
2022-10-05 03:00:00,20184.9,SL,-0.01,-0.012,-1.2,0.5475491881370544
2022-10-05 04:00:00,20117.2,SL,-0.01,-0.012,-1.2,0.5293828845024109
2022-10-06 20:00:00,20044.4,SL,-0.01,-0.012,-1.2,0.5770342946052551
2022-10-06 21:00:00,19903.0,SL,-0.01,-0.012,-1.2,0.569823145866394
2022-10-07 00:00:00,19981.9,SL,-0.01,-0.012,-1.2,0.5615949630737305
2022-10-07 01:00:00,19985.9,SL,-0.01,-0.012,-1.2,0.65203857421875
2022-10-07 02:00:00,20008.9,SL,-0.01,-0.012,-1.2,0.6346828937530518
2022-10-07 03:00:00,19976.0,SL,-0.01,-0.012,-1.2,0.557894229888916
2022-10-07 04:00:00,19934.1,SL,-0.01,-0.012,-1.2,0.5307196974754333
2022-10-07 05:00:00,19960.7,SL,-0.01,-0.012,-1.2,0.5151382088661194
2022-10-10 17:00:00,19317.2,SL,-0.01,-0.012,-1.2,0.526331901550293
2022-10-11 08:00:00,19100.5,TIME,0.0024868458940865423,0.0004868458940865423,0.04868458940865423,0.5752953290939331
2022-10-13 04:00:00,19087.9,SL,-0.01,-0.012,-1.2,0.5830557942390442
2022-10-13 06:00:00,19052.5,SL,-0.01,-0.012,-1.2,0.5820180177688599
2022-10-13 08:00:00,19002.2,SL,-0.01,-0.012,-1.2,0.5646237730979919
2022-10-13 09:00:00,18987.6,SL,-0.01,-0.012,-1.2,0.5600661635398865
2022-10-13 16:00:00,19077.5,TP,0.02,0.018000000000000002,1.8000000000000003,0.5200110673904419
2022-10-13 17:00:00,19148.7,TP,0.02,0.018000000000000002,1.8000000000000003,0.5517804026603699
2022-10-13 19:00:00,19360.9,TP,0.02,0.018000000000000002,1.8000000000000003,0.5449599623680115
2022-10-13 20:00:00,19373.5,TP,0.02,0.018000000000000002,1.8000000000000003,0.5751896500587463
2022-10-13 21:00:00,19391.4,TP,0.02,0.018000000000000002,1.8000000000000003,0.5988182425498962
2022-10-14 00:00:00,19398.3,TP,0.02,0.018000000000000002,1.8000000000000003,0.5174399018287659
2022-10-14 07:00:00,19633.2,SL,-0.01,-0.012,-1.2,0.5478689074516296
2022-10-16 16:00:00,19127.9,TP,0.02,0.018000000000000002,1.8000000000000003,0.516884982585907
2022-10-17 06:00:00,19229.6,TP,0.02,0.018000000000000002,1.8000000000000003,0.5041762590408325
2022-10-17 07:00:00,19285.0,TP,0.02,0.018000000000000002,1.8000000000000003,0.619379997253418
2022-10-17 08:00:00,19251.0,TP,0.02,0.018000000000000002,1.8000000000000003,0.5464617013931274
2022-10-20 14:00:00,19316.3,SL,-0.01,-0.012,-1.2,0.5070528984069824
2022-10-22 21:00:00,19195.0,TP,0.02,0.018000000000000002,1.8000000000000003,0.833228588104248
2022-10-22 22:00:00,19185.1,TP,0.02,0.018000000000000002,1.8000000000000003,0.8765586018562317
2022-10-22 23:00:00,19195.1,TP,0.02,0.018000000000000002,1.8000000000000003,0.8911383748054504
2022-10-23 00:00:00,19186.6,TP,0.02,0.018000000000000002,1.8000000000000003,0.86366206407547
2022-10-23 01:00:00,19170.5,TP,0.02,0.018000000000000002,1.8000000000000003,0.7727819085121155
2022-10-23 02:00:00,19186.3,TP,0.02,0.018000000000000002,1.8000000000000003,0.7762215733528137
2022-10-23 03:00:00,19188.9,TP,0.02,0.018000000000000002,1.8000000000000003,0.8493193984031677
2022-10-23 04:00:00,19176.3,TP,0.02,0.018000000000000002,1.8000000000000003,0.7608312368392944
2022-10-23 05:00:00,19167.4,TP,0.02,0.018000000000000002,1.8000000000000003,0.7052277326583862
2022-10-23 06:00:00,19167.2,TP,0.02,0.018000000000000002,1.8000000000000003,0.723689079284668
2022-10-23 07:00:00,19151.6,TP,0.02,0.018000000000000002,1.8000000000000003,0.7711580991744995
2022-10-23 08:00:00,19173.3,TP,0.02,0.018000000000000002,1.8000000000000003,0.8200899362564087
2022-10-23 09:00:00,19172.9,TP,0.02,0.018000000000000002,1.8000000000000003,0.8297982215881348
2022-10-23 10:00:00,19160.0,TP,0.02,0.018000000000000002,1.8000000000000003,0.7865357398986816
2022-10-23 11:00:00,19142.0,TP,0.02,0.018000000000000002,1.8000000000000003,0.7758554220199585
2022-10-23 12:00:00,19142.9,TP,0.02,0.018000000000000002,1.8000000000000003,0.7512460947036743
2022-10-23 13:00:00,19169.2,TP,0.02,0.018000000000000002,1.8000000000000003,0.7343674898147583
2022-10-23 14:00:00,19181.6,TP,0.02,0.018000000000000002,1.8000000000000003,0.7275353670120239
2022-10-23 15:00:00,19180.6,TP,0.02,0.018000000000000002,1.8000000000000003,0.7831974625587463
2022-10-23 16:00:00,19168.9,TP,0.02,0.018000000000000002,1.8000000000000003,0.7950788140296936
2022-10-23 17:00:00,19468.7,SL,-0.01,-0.012,-1.2,0.790419340133667
2022-10-23 23:00:00,19560.7,SL,-0.01,-0.012,-1.2,0.5577502846717834
2022-10-24 00:00:00,19510.4,SL,-0.01,-0.012,-1.2,0.5755279660224915
2022-10-25 05:00:00,19330.6,TP,0.02,0.018000000000000002,1.8000000000000003,0.5332491993904114
2022-10-25 06:00:00,19319.0,TP,0.02,0.018000000000000002,1.8000000000000003,0.7397998571395874
2022-10-25 07:00:00,19296.9,TP,0.02,0.018000000000000002,1.8000000000000003,0.7795104384422302
2022-10-25 08:00:00,19284.9,TP,0.02,0.018000000000000002,1.8000000000000003,0.7170575261116028
2022-10-25 09:00:00,19254.7,TP,0.02,0.018000000000000002,1.8000000000000003,0.616058886051178
2022-10-25 10:00:00,19286.4,TP,0.02,0.018000000000000002,1.8000000000000003,0.6084349751472473
2022-10-25 11:00:00,19291.0,TP,0.02,0.018000000000000002,1.8000000000000003,0.6430698037147522
2022-10-25 12:00:00,19315.0,TP,0.02,0.018000000000000002,1.8000000000000003,0.5987960696220398
2022-10-25 19:00:00,20266.8,SL,-0.01,-0.012,-1.2,0.552585244178772
2022-10-25 22:00:00,20053.1,TP,0.02,0.018000000000000002,1.8000000000000003,0.6193878650665283
2022-10-25 23:00:00,20068.3,TP,0.02,0.018000000000000002,1.8000000000000003,0.5125516057014465
2022-10-26 00:00:00,20155.4,TP,0.02,0.018000000000000002,1.8000000000000003,0.581267774105072
2022-10-26 01:00:00,20219.7,TP,0.02,0.018000000000000002,1.8000000000000003,0.6122779250144958
2022-10-26 02:00:00,20199.8,TP,0.02,0.018000000000000002,1.8000000000000003,0.5559644103050232
2022-10-26 03:00:00,20238.6,TP,0.02,0.018000000000000002,1.8000000000000003,0.6088350415229797
2022-10-26 04:00:00,20192.1,TP,0.02,0.018000000000000002,1.8000000000000003,0.6734929084777832
2022-10-26 05:00:00,20180.1,TP,0.02,0.018000000000000002,1.8000000000000003,0.5517929196357727
2022-10-26 06:00:00,20208.7,TP,0.02,0.018000000000000002,1.8000000000000003,0.68034827709198
2022-10-26 07:00:00,20333.7,TP,0.02,0.018000000000000002,1.8000000000000003,0.5198304057121277
2022-10-26 11:00:00,20595.9,SL,-0.01,-0.012,-1.2,0.5309413075447083
2022-10-26 18:00:00,20687.0,SL,-0.01,-0.012,-1.2,0.5200467705726624
2022-10-26 20:00:00,20736.2,SL,-0.01,-0.012,-1.2,0.5072901248931885
2022-10-26 21:00:00,20729.3,SL,-0.01,-0.012,-1.2,0.5271080732345581
2022-10-27 02:00:00,20672.9,SL,-0.01,-0.012,-1.2,0.5300458073616028
2022-10-27 03:00:00,20744.3,SL,-0.01,-0.012,-1.2,0.5065934658050537
2022-10-27 10:00:00,20540.0,SL,-0.01,-0.012,-1.2,0.5355044603347778
2022-10-30 10:00:00,20674.9,SL,-0.01,-0.012,-1.2,0.5611041188240051
2022-10-30 11:00:00,20760.2,SL,-0.01,-0.012,-1.2,0.5631103515625
2022-10-30 12:00:00,20715.6,SL,-0.01,-0.012,-1.2,0.5792734622955322
2022-10-30 13:00:00,20639.8,SL,-0.01,-0.012,-1.2,0.5748720765113831
2022-10-30 14:00:00,20730.5,SL,-0.01,-0.012,-1.2,0.5826700329780579
2022-10-30 15:00:00,20667.6,SL,-0.01,-0.012,-1.2,0.5373387932777405
2022-10-30 17:00:00,20650.1,SL,-0.01,-0.012,-1.2,0.5795561671257019
2022-10-31 00:00:00,20532.8,TIME,-0.0032046286916542935,-0.005204628691654294,-0.5204628691654294,0.5911547541618347
2022-10-31 04:00:00,20551.6,TIME,-0.0022528659569084294,-0.004252865956908429,-0.4252865956908429,0.5209659337997437
2022-10-31 05:00:00,20535.5,TIME,-0.0011930559275401134,-0.0031930559275401135,-0.3193055927540113,0.5745105743408203
2022-10-31 06:00:00,20507.2,TIME,7.314504174143715e-05,-0.001926854958258563,-0.19268549582585628,0.5566784739494324
2022-10-31 07:00:00,20537.2,TIME,-0.0030286504489414686,-0.005028650448941468,-0.5028650448941469,0.5508177876472473
2022-10-31 08:00:00,20478.8,TIME,-0.0006738676094302045,-0.0026738676094302046,-0.26738676094302044,0.523711085319519
2022-10-31 09:00:00,20704.7,SL,-0.01,-0.012,-1.2,0.6043862104415894
2022-10-31 10:00:00,20741.6,SL,-0.01,-0.012,-1.2,0.5421226620674133
2022-10-31 11:00:00,20722.1,SL,-0.01,-0.012,-1.2,0.5871395468711853
2022-10-31 12:00:00,20688.9,SL,-0.01,-0.012,-1.2,0.5035288333892822
2022-11-02 06:00:00,20465.0,SL,-0.01,-0.012,-1.2,0.6249248385429382
2022-11-02 07:00:00,20414.2,SL,-0.01,-0.012,-1.2,0.6897422075271606
2022-11-02 08:00:00,20495.9,SL,-0.01,-0.012,-1.2,0.6004677414894104
2022-11-02 09:00:00,20454.9,SL,-0.01,-0.012,-1.2,0.6499036550521851
2022-11-02 10:00:00,20401.1,SL,-0.01,-0.012,-1.2,0.5786913633346558
2022-11-02 11:00:00,20423.0,SL,-0.01,-0.012,-1.2,0.5773336887359619
2022-11-03 05:00:00,20366.6,SL,-0.01,-0.012,-1.2,0.5112306475639343
2022-11-04 00:00:00,20270.7,TP,0.02,0.018000000000000002,1.8000000000000003,0.5193759799003601
2022-11-06 01:00:00,21184.6,SL,-0.01,-0.012,-1.2,0.5317929983139038
2022-11-06 05:00:00,21145.3,SL,-0.01,-0.012,-1.2,0.696441113948822
2022-11-06 06:00:00,21164.9,SL,-0.01,-0.012,-1.2,0.5012681484222412
2022-11-06 15:00:00,21233.7,SL,-0.01,-0.012,-1.2,0.7252835035324097
2022-11-06 16:00:00,21248.8,SL,-0.01,-0.012,-1.2,0.7325872182846069
2022-11-06 17:00:00,21237.0,SL,-0.01,-0.012,-1.2,0.5912392139434814
2022-11-06 19:00:00,21186.7,SL,-0.01,-0.012,-1.2,0.5948182344436646
2022-11-06 20:00:00,21197.4,SL,-0.01,-0.012,-1.2,0.6779353618621826
2022-11-06 21:00:00,21117.3,SL,-0.01,-0.012,-1.2,0.5535789728164673
2022-11-09 15:00:00,17098.4,SL,-0.01,-0.012,-1.2,0.5532713532447815
2022-11-09 16:00:00,17068.9,SL,-0.01,-0.012,-1.2,0.5241968631744385
2022-11-09 17:00:00,16941.6,SL,-0.01,-0.012,-1.2,0.5382331013679504
2022-11-09 18:00:00,16587.3,TP,0.02,0.018000000000000002,1.8000000000000003,0.5155759453773499
2022-11-09 20:00:00,16216.8,SL,-0.01,-0.012,-1.2,0.5436152815818787
2022-11-10 00:00:00,16237.9,SL,-0.01,-0.012,-1.2,0.523918628692627
2022-11-12 11:00:00,16859.6,SL,-0.01,-0.012,-1.2,0.5422730445861816
2022-11-14 05:00:00,15854.8,TP,0.02,0.018000000000000002,1.8000000000000003,0.5065566897392273
2022-11-14 11:00:00,16740.8,SL,-0.01,-0.012,-1.2,0.5321217179298401
2022-11-14 17:00:00,16573.7,SL,-0.01,-0.012,-1.2,0.5038623213768005
2022-11-16 10:00:00,16722.3,SL,-0.01,-0.012,-1.2,0.5026044845581055
2022-11-16 11:00:00,16695.2,SL,-0.01,-0.012,-1.2,0.5650855898857117
2022-11-17 06:00:00,16556.6,TP,0.02,0.018000000000000002,1.8000000000000003,0.5481475591659546
2022-11-17 07:00:00,16602.0,SL,-0.01,-0.012,-1.2,0.5829023122787476
2022-11-17 08:00:00,16557.4,TP,0.02,0.018000000000000002,1.8000000000000003,0.6307535767555237
2022-11-17 09:00:00,16511.2,TP,0.02,0.018000000000000002,1.8000000000000003,0.5142413973808289
2022-11-18 00:00:00,16938.6,SL,-0.01,-0.012,-1.2,0.5367611646652222
2022-11-19 11:00:00,16669.3,SL,-0.01,-0.012,-1.2,0.6149682402610779
2022-11-19 12:00:00,16644.1,SL,-0.01,-0.012,-1.2,0.5225711464881897
2022-11-19 14:00:00,16641.9,SL,-0.01,-0.012,-1.2,0.5153999328613281
2022-11-19 16:00:00,16647.0,SL,-0.01,-0.012,-1.2,0.5623942017555237
2022-11-19 20:00:00,16624.8,SL,-0.01,-0.012,-1.2,0.5374934673309326
2022-11-19 21:00:00,16671.0,SL,-0.01,-0.012,-1.2,0.5559566020965576
2022-11-19 22:00:00,16728.6,SL,-0.01,-0.012,-1.2,0.6399422287940979
2022-11-19 23:00:00,16692.9,SL,-0.01,-0.012,-1.2,0.5633354783058167
2022-11-20 07:00:00,16710.2,SL,-0.01,-0.012,-1.2,0.7062036991119385
2022-11-21 04:00:00,16142.7,SL,-0.01,-0.012,-1.2,0.5826307535171509
2022-11-21 06:00:00,16085.0,SL,-0.01,-0.012,-1.2,0.6405604481697083
2022-11-21 07:00:00,16032.2,SL,-0.01,-0.012,-1.2,0.6754405498504639
2022-11-21 08:00:00,16027.3,SL,-0.01,-0.012,-1.2,0.5288713574409485
2022-11-21 09:00:00,16102.3,SL,-0.01,-0.012,-1.2,0.5407798886299133
2022-11-21 11:00:00,16077.6,SL,-0.01,-0.012,-1.2,0.6335064768791199
2022-11-21 12:00:00,16108.6,SL,-0.01,-0.012,-1.2,0.5861197710037231
2022-11-21 13:00:00,16167.7,SL,-0.01,-0.012,-1.2,0.626945972442627
2022-11-23 02:00:00,16503.9,SL,-0.01,-0.012,-1.2,0.5084090828895569
2022-11-24 21:00:00,16546.3,SL,-0.01,-0.012,-1.2,0.5054129958152771
2022-11-25 00:00:00,16519.4,SL,-0.01,-0.012,-1.2,0.5151192545890808
2022-11-25 01:00:00,16517.4,SL,-0.01,-0.012,-1.2,0.5296496152877808
2022-11-25 05:00:00,16353.0,TP,0.02,0.018000000000000002,1.8000000000000003,0.6301502585411072
2022-11-27 19:00:00,16546.9,SL,-0.01,-0.012,-1.2,0.5038623213768005
2022-11-27 20:00:00,16550.4,SL,-0.01,-0.012,-1.2,0.5209028124809265
2022-11-27 21:00:00,16569.5,SL,-0.01,-0.012,-1.2,0.5276669859886169
2022-11-29 09:00:00,16507.5,SL,-0.01,-0.012,-1.2,0.5474929213523865
2022-11-29 10:00:00,16495.6,SL,-0.01,-0.012,-1.2,0.5072043538093567
2022-11-30 00:00:00,16839.4,TP,0.02,0.018000000000000002,1.8000000000000003,0.6714710593223572
2022-12-02 08:00:00,16955.1,TIME,0.0030020465818545133,0.0010020465818545133,0.10020465818545132,0.5900049209594727
2022-12-02 10:00:00,16960.7,TIME,0.0055893919472662845,0.0035893919472662844,0.35893919472662844,0.5371450781822205
2022-12-02 11:00:00,16987.1,TIME,0.005327572098827935,0.0033275720988279345,0.33275720988279345,0.5721890926361084
2022-12-02 12:00:00,17021.3,TIME,0.003483870209678419,0.0014838702096784191,0.1483870209678419,0.5382978320121765
2022-12-04 15:00:00,17022.2,TP,0.02,0.018000000000000002,1.8000000000000003,0.7474774718284607
2022-12-05 04:00:00,17346.0,SL,-0.01,-0.012,-1.2,0.5044668316841125
2022-12-05 05:00:00,17329.7,SL,-0.01,-0.012,-1.2,0.5322760939598083
2022-12-06 12:00:00,16986.6,SL,-0.01,-0.012,-1.2,0.5262653827667236
2022-12-06 13:00:00,16976.3,SL,-0.01,-0.012,-1.2,0.5595537424087524
2022-12-07 01:00:00,17035.1,SL,-0.01,-0.012,-1.2,0.5144813656806946
2022-12-08 13:00:00,16848.9,TP,0.02,0.018000000000000002,1.8000000000000003,0.5707190036773682
2022-12-08 18:00:00,17239.9,TIME,-0.0024826130081962716,-0.004482613008196272,-0.4482613008196272,0.5452386140823364
2022-12-09 09:00:00,17231.8,TIME,-0.00734688192759889,-0.00934688192759889,-0.9346881927598889,0.5703952312469482
2022-12-09 11:00:00,17231.9,TIME,-0.008130270022458473,-0.010130270022458473,-1.0130270022458472,0.643794059753418
2022-12-11 00:00:00,17134.4,SL,-0.01,-0.012,-1.2,0.8411878347396851
2022-12-11 01:00:00,17156.6,SL,-0.01,-0.012,-1.2,0.831814169883728
2022-12-11 02:00:00,17138.3,SL,-0.01,-0.012,-1.2,0.8313125371932983
2022-12-11 03:00:00,17147.7,SL,-0.01,-0.012,-1.2,0.8190789222717285
2022-12-11 04:00:00,17161.0,SL,-0.01,-0.012,-1.2,0.8316075801849365
2022-12-11 05:00:00,17164.4,SL,-0.01,-0.012,-1.2,0.8529329299926758
2022-12-11 06:00:00,17163.1,SL,-0.01,-0.012,-1.2,0.8130906224250793
2022-12-11 07:00:00,17173.4,SL,-0.01,-0.012,-1.2,0.8341243863105774
2022-12-11 08:00:00,17166.9,SL,-0.01,-0.012,-1.2,0.8048624992370605
2022-12-11 09:00:00,17158.7,SL,-0.01,-0.012,-1.2,0.8064325451850891
2022-12-11 10:00:00,17156.7,SL,-0.01,-0.012,-1.2,0.8038103580474854
2022-12-11 11:00:00,17160.8,SL,-0.01,-0.012,-1.2,0.8718969821929932
2022-12-11 12:00:00,17153.6,SL,-0.01,-0.012,-1.2,0.8569695949554443
2022-12-11 13:00:00,17147.5,SL,-0.01,-0.012,-1.2,0.8681942224502563
2022-12-11 14:00:00,17148.6,SL,-0.01,-0.012,-1.2,0.8659249544143677
2022-12-11 15:00:00,17145.5,SL,-0.01,-0.012,-1.2,0.8114737868309021
2022-12-11 16:00:00,17153.7,SL,-0.01,-0.012,-1.2,0.8195331692695618
2022-12-11 17:00:00,17167.9,SL,-0.01,-0.012,-1.2,0.8246824741363525
2022-12-11 18:00:00,17197.1,SL,-0.01,-0.012,-1.2,0.8043466210365295
2022-12-11 19:00:00,17169.5,SL,-0.01,-0.012,-1.2,0.9209161996841431
2022-12-11 20:00:00,17093.9,SL,-0.01,-0.012,-1.2,0.8955269455909729
2022-12-11 21:00:00,17105.2,SL,-0.01,-0.012,-1.2,0.8691362738609314
2022-12-11 22:00:00,17091.8,SL,-0.01,-0.012,-1.2,0.9086544513702393
2022-12-11 23:00:00,17077.3,SL,-0.01,-0.012,-1.2,0.6235771775245667
2022-12-13 02:00:00,17144.0,TP,0.02,0.018000000000000002,1.8000000000000003,0.6155937314033508
2022-12-13 03:00:00,17143.2,TP,0.02,0.018000000000000002,1.8000000000000003,0.6130175590515137
2022-12-13 04:00:00,17161.2,TP,0.02,0.018000000000000002,1.8000000000000003,0.6696093678474426
2022-12-13 05:00:00,17179.2,TP,0.02,0.018000000000000002,1.8000000000000003,0.6973418593406677
2022-12-13 06:00:00,17143.7,TP,0.02,0.018000000000000002,1.8000000000000003,0.6544802188873291
2022-12-13 09:00:00,17430.6,TP,0.02,0.018000000000000002,1.8000000000000003,0.5224442481994629
2022-12-13 10:00:00,17385.0,TP,0.02,0.018000000000000002,1.8000000000000003,0.566389262676239
2022-12-13 11:00:00,17436.8,TP,0.02,0.018000000000000002,1.8000000000000003,0.5903216600418091
2022-12-13 12:00:00,17416.8,TP,0.02,0.018000000000000002,1.8000000000000003,0.5617536306381226
2022-12-13 14:00:00,17869.0,SL,-0.01,-0.012,-1.2,0.5538639426231384
2022-12-13 17:00:00,17641.9,TP,0.02,0.018000000000000002,1.8000000000000003,0.503741443157196
2022-12-13 21:00:00,17767.3,TP,0.02,0.018000000000000002,1.8000000000000003,0.5568296909332275
2022-12-13 22:00:00,17774.9,TP,0.02,0.018000000000000002,1.8000000000000003,0.5439237952232361
2022-12-14 01:00:00,17781.4,TP,0.02,0.018000000000000002,1.8000000000000003,0.5401806831359863
2022-12-14 02:00:00,17795.1,TP,0.02,0.018000000000000002,1.8000000000000003,0.557774543762207
2022-12-14 08:00:00,17840.5,TP,0.02,0.018000000000000002,1.8000000000000003,0.5567793250083923
2022-12-15 01:00:00,17631.6,SL,-0.01,-0.012,-1.2,0.5100047588348389
2022-12-18 17:00:00,16707.3,SL,-0.01,-0.012,-1.2,0.5801188349723816
2022-12-18 18:00:00,16740.0,SL,-0.01,-0.012,-1.2,0.506049633026123
2022-12-19 23:00:00,16429.2,TP,0.02,0.018000000000000002,1.8000000000000003,0.6535005569458008
2022-12-20 00:00:00,16454.8,TP,0.02,0.018000000000000002,1.8000000000000003,0.7332199215888977
2022-12-20 01:00:00,16571.9,TP,0.02,0.018000000000000002,1.8000000000000003,0.6483074426651001
2022-12-20 02:00:00,16712.9,TP,0.02,0.018000000000000002,1.8000000000000003,0.606488823890686
2022-12-21 11:00:00,16872.4,SL,-0.01,-0.012,-1.2,0.5505810976028442
2022-12-22 05:00:00,16816.0,SL,-0.01,-0.012,-1.2,0.7091737985610962
2022-12-22 06:00:00,16800.9,SL,-0.01,-0.012,-1.2,0.759493350982666
2022-12-22 07:00:00,16820.0,SL,-0.01,-0.012,-1.2,0.7258682250976562
2022-12-22 08:00:00,16829.7,SL,-0.01,-0.012,-1.2,0.7964041829109192
2022-12-22 09:00:00,16839.7,SL,-0.01,-0.012,-1.2,0.8070134520530701
2022-12-22 10:00:00,16815.3,SL,-0.01,-0.012,-1.2,0.7653364539146423
2022-12-22 11:00:00,16827.6,SL,-0.01,-0.012,-1.2,0.7611053586006165
2022-12-22 12:00:00,16808.3,SL,-0.01,-0.012,-1.2,0.826371431350708
2022-12-22 13:00:00,16775.3,SL,-0.01,-0.012,-1.2,0.7646325826644897
2022-12-23 12:00:00,16864.7,TIME,-0.00563306788736236,-0.00763306788736236,-0.763306788736236,0.5792866945266724
2022-12-26 17:00:00,16827.0,SL,-0.01,-0.012,-1.2,0.839396059513092
2022-12-26 18:00:00,16811.3,TIME,-0.007691255286622645,-0.009691255286622645,-0.9691255286622645,0.6576828360557556
2022-12-26 19:00:00,16834.9,SL,-0.01,-0.012,-1.2,0.7010562419891357
2022-12-26 20:00:00,16834.2,SL,-0.01,-0.012,-1.2,0.5716897249221802
2022-12-26 21:00:00,16826.2,SL,-0.01,-0.012,-1.2,0.6724494695663452
2022-12-26 22:00:00,16831.5,SL,-0.01,-0.012,-1.2,0.7345633506774902
2022-12-26 23:00:00,16912.9,SL,-0.01,-0.012,-1.2,0.8716962933540344
2022-12-27 00:00:00,16863.0,SL,-0.01,-0.012,-1.2,0.8603465557098389
2022-12-27 01:00:00,16859.8,SL,-0.01,-0.012,-1.2,0.8678045868873596
2022-12-27 02:00:00,16872.6,SL,-0.01,-0.012,-1.2,0.8325713872909546
2022-12-27 03:00:00,16868.1,SL,-0.01,-0.012,-1.2,0.8207974433898926
2022-12-27 04:00:00,16883.6,SL,-0.01,-0.012,-1.2,0.8190638422966003
2022-12-27 05:00:00,16862.3,SL,-0.01,-0.012,-1.2,0.7751024961471558
2022-12-27 06:00:00,16882.4,SL,-0.01,-0.012,-1.2,0.7899442911148071
2022-12-27 07:00:00,16859.6,SL,-0.01,-0.012,-1.2,0.8533157706260681
2022-12-27 08:00:00,16840.4,SL,-0.01,-0.012,-1.2,0.8525349497795105
2022-12-27 09:00:00,16869.7,SL,-0.01,-0.012,-1.2,0.81948322057724
2022-12-27 10:00:00,16852.2,SL,-0.01,-0.012,-1.2,0.8044580221176147
2022-12-27 11:00:00,16823.7,SL,-0.01,-0.012,-1.2,0.737690269947052
2022-12-27 12:00:00,16803.2,SL,-0.01,-0.012,-1.2,0.6295523643493652
2022-12-27 13:00:00,16811.1,SL,-0.01,-0.012,-1.2,0.6763604283332825
2022-12-29 09:00:00,16587.0,TIME,-0.005878097305118467,-0.007878097305118466,-0.7878097305118466,0.5986807346343994
2022-12-29 10:00:00,16600.3,TIME,-0.00659024234501773,-0.008590242345017731,-0.8590242345017731,0.6674975156784058
2022-12-29 12:00:00,16612.5,TIME,0.0015169300225734072,-0.0004830699774265928,-0.04830699774265928,0.560673177242279
2022-12-29 13:00:00,16610.2,TP,0.02,0.018000000000000002,1.8000000000000003,0.6353936195373535
2022-12-29 14:00:00,16625.6,SL,-0.01,-0.012,-1.2,0.5159031748771667
2022-12-29 16:00:00,16625.0,SL,-0.01,-0.012,-1.2,0.5850436091423035
2022-12-29 21:00:00,16590.9,TP,0.02,0.018000000000000002,1.8000000000000003,0.5064988732337952
2022-12-30 00:00:00,16623.9,SL,-0.01,-0.012,-1.2,0.5468485951423645
2022-12-30 03:00:00,16593.9,TP,0.02,0.018000000000000002,1.8000000000000003,0.5997440218925476
2022-12-30 04:00:00,16608.5,TP,0.02,0.018000000000000002,1.8000000000000003,0.566072940826416
2022-12-30 05:00:00,16548.2,TP,0.02,0.018000000000000002,1.8000000000000003,0.5781431198120117
2022-12-30 06:00:00,16536.0,TP,0.02,0.018000000000000002,1.8000000000000003,0.5375429391860962
2023-01-03 18:00:00,16637.7,TP,0.02,0.018000000000000002,1.8000000000000003,0.7298322319984436
2023-01-03 19:00:00,16637.7,TP,0.02,0.018000000000000002,1.8000000000000003,0.6289268732070923
2023-01-04 18:00:00,16942.0,TP,0.02,0.018000000000000002,1.8000000000000003,0.6931141018867493
2023-01-05 15:00:00,16836.6,TP,0.02,0.018000000000000002,1.8000000000000003,0.8810533881187439
2023-01-05 18:00:00,16837.0,TP,0.02,0.018000000000000002,1.8000000000000003,0.8512231707572937
2023-01-05 19:00:00,16856.4,TP,0.02,0.018000000000000002,1.8000000000000003,0.8590521216392517
2023-01-05 20:00:00,16852.8,TP,0.02,0.018000000000000002,1.8000000000000003,0.7325195670127869
2023-01-05 21:00:00,16840.0,TP,0.02,0.018000000000000002,1.8000000000000003,0.7747429013252258
2023-01-06 00:00:00,16852.1,TP,0.02,0.018000000000000002,1.8000000000000003,0.897849977016449
2023-01-08 09:00:00,16927.4,TP,0.02,0.018000000000000002,1.8000000000000003,0.8499016165733337
2023-01-08 10:00:00,16930.8,TP,0.02,0.018000000000000002,1.8000000000000003,0.8708266019821167
2023-01-08 11:00:00,16918.6,TP,0.02,0.018000000000000002,1.8000000000000003,0.859993040561676
2023-01-08 12:00:00,16915.3,TP,0.02,0.018000000000000002,1.8000000000000003,0.8548410534858704
2023-01-08 13:00:00,16924.1,TP,0.02,0.018000000000000002,1.8000000000000003,0.8512832522392273
2023-01-08 14:00:00,16945.6,TP,0.02,0.018000000000000002,1.8000000000000003,0.9321528077125549
2023-01-08 16:00:00,16930.1,TP,0.02,0.018000000000000002,1.8000000000000003,0.8809625506401062
2023-01-08 17:00:00,16919.9,TP,0.02,0.018000000000000002,1.8000000000000003,0.9441338777542114
2023-01-08 18:00:00,16922.1,TP,0.02,0.018000000000000002,1.8000000000000003,0.9263548254966736
2023-01-08 19:00:00,16920.3,TP,0.02,0.018000000000000002,1.8000000000000003,0.9234780669212341
2023-01-08 20:00:00,16959.4,TP,0.02,0.018000000000000002,1.8000000000000003,0.9186669588088989
2023-01-08 21:00:00,16949.2,TP,0.02,0.018000000000000002,1.8000000000000003,0.9322569966316223
2023-01-08 22:00:00,16956.8,TP,0.02,0.018000000000000002,1.8000000000000003,0.9189440011978149
2023-01-09 16:00:00,17318.4,TIME,0.012939994456762664,0.010939994456762664,1.0939994456762663,0.5093755125999451
2023-01-11 08:00:00,17440.3,TP,0.02,0.018000000000000002,1.8000000000000003,0.7776115536689758
2023-01-11 09:00:00,17437.0,TP,0.02,0.018000000000000002,1.8000000000000003,0.7307330369949341
2023-01-11 10:00:00,17431.7,TP,0.02,0.018000000000000002,1.8000000000000003,0.5886862874031067
2023-01-11 11:00:00,17428.7,TP,0.02,0.018000000000000002,1.8000000000000003,0.5352036952972412
2023-01-11 12:00:00,17408.7,TP,0.02,0.018000000000000002,1.8000000000000003,0.5463822484016418
2023-01-11 14:00:00,17406.0,TP,0.02,0.018000000000000002,1.8000000000000003,0.565778911113739
2023-01-11 15:00:00,17325.3,TP,0.02,0.018000000000000002,1.8000000000000003,0.7739115357398987
2023-01-11 16:00:00,17339.9,TP,0.02,0.018000000000000002,1.8000000000000003,0.7183520793914795
2023-01-11 17:00:00,17373.3,TP,0.02,0.018000000000000002,1.8000000000000003,0.7482426166534424
2023-01-11 18:00:00,17476.5,TP,0.02,0.018000000000000002,1.8000000000000003,0.8401137590408325
2023-01-11 22:00:00,17548.0,TP,0.02,0.018000000000000002,1.8000000000000003,0.5174713730812073
2023-01-12 01:00:00,18214.1,SL,-0.01,-0.012,-1.2,0.7527497410774231
2023-01-12 02:00:00,18199.5,SL,-0.01,-0.012,-1.2,0.6067325472831726
2023-01-12 03:00:00,18217.2,SL,-0.01,-0.012,-1.2,0.5775836110115051
2023-01-12 04:00:00,18206.4,SL,-0.01,-0.012,-1.2,0.540635883808136
2023-01-12 05:00:00,18080.6,TP,0.02,0.018000000000000002,1.8000000000000003,0.5839496850967407
2023-01-12 06:00:00,18142.0,SL,-0.01,-0.012,-1.2,0.5696216225624084
2023-01-12 08:00:00,18145.1,SL,-0.01,-0.012,-1.2,0.5622702240943909
2023-01-12 09:00:00,18159.6,SL,-0.01,-0.012,-1.2,0.6290702819824219
2023-01-12 10:00:00,18179.7,SL,-0.01,-0.012,-1.2,0.657072126865387
2023-01-12 11:00:00,18194.5,SL,-0.01,-0.012,-1.2,0.676056981086731
2023-01-12 12:00:00,18263.3,SL,-0.01,-0.012,-1.2,0.5631580948829651
2023-01-12 13:00:00,18277.6,SL,-0.01,-0.012,-1.2,0.5716248154640198
2023-01-12 14:00:00,17989.7,TP,0.02,0.018000000000000002,1.8000000000000003,0.6907415390014648
2023-01-12 15:00:00,18077.7,TP,0.02,0.018000000000000002,1.8000000000000003,0.6873998641967773
2023-01-12 16:00:00,18128.3,TP,0.02,0.018000000000000002,1.8000000000000003,0.6154265403747559
2023-01-12 17:00:00,18840.0,SL,-0.01,-0.012,-1.2,0.5259028673171997
2023-01-12 18:00:00,18790.0,TP,0.02,0.018000000000000002,1.8000000000000003,0.5850315093994141
2023-01-14 05:00:00,20864.2,SL,-0.01,-0.012,-1.2,0.5011879205703735
2023-01-15 11:00:00,20737.4,TP,0.02,0.018000000000000002,1.8000000000000003,0.5145557522773743
2023-01-15 12:00:00,20707.8,TP,0.02,0.018000000000000002,1.8000000000000003,0.5470406413078308
2023-01-15 14:00:00,20805.3,TP,0.02,0.018000000000000002,1.8000000000000003,0.5067072510719299
2023-01-15 16:00:00,20884.7,SL,-0.01,-0.012,-1.2,0.6597172021865845
2023-01-15 17:00:00,20931.0,SL,-0.01,-0.012,-1.2,0.5671436786651611
2023-01-15 20:00:00,20914.6,TP,0.02,0.018000000000000002,1.8000000000000003,0.5271450877189636
2023-01-15 21:00:00,20912.0,TP,0.02,0.018000000000000002,1.8000000000000003,0.6157150864601135
2023-01-15 22:00:00,20927.1,TP,0.02,0.018000000000000002,1.8000000000000003,0.5911670327186584
2023-01-15 23:00:00,20882.7,TP,0.02,0.018000000000000002,1.8000000000000003,0.5708187818527222
2023-01-18 10:00:00,21180.1,TP,0.02,0.018000000000000002,1.8000000000000003,0.5303661823272705
2023-01-18 11:00:00,21201.6,TP,0.02,0.018000000000000002,1.8000000000000003,0.533048152923584
2023-01-18 12:00:00,21257.9,SL,-0.01,-0.012,-1.2,0.5240578651428223
2023-01-18 13:00:00,21401.2,SL,-0.01,-0.012,-1.2,0.5013638734817505
2023-01-19 10:00:00,20797.5,TP,0.02,0.018000000000000002,1.8000000000000003,0.5265341997146606
2023-01-19 18:00:00,20977.1,TP,0.02,0.018000000000000002,1.8000000000000003,0.641303539276123
2023-01-19 19:00:00,21090.0,SL,-0.01,-0.012,-1.2,0.6898173093795776
2023-01-19 20:00:00,21099.0,SL,-0.01,-0.012,-1.2,0.6368139982223511
2023-01-19 21:00:00,20929.9,TP,0.02,0.018000000000000002,1.8000000000000003,0.5128263831138611
2023-01-20 12:00:00,21085.2,TP,0.02,0.018000000000000002,1.8000000000000003,0.5532497763633728
2023-01-20 13:00:00,21052.9,TP,0.02,0.018000000000000002,1.8000000000000003,0.5091932415962219
2023-01-20 14:00:00,21148.0,TP,0.02,0.018000000000000002,1.8000000000000003,0.5885674357414246
2023-01-20 15:00:00,21139.7,TP,0.02,0.018000000000000002,1.8000000000000003,0.572581946849823
2023-01-20 16:00:00,21312.0,TP,0.02,0.018000000000000002,1.8000000000000003,0.5553202629089355
2023-01-20 17:00:00,21348.9,TP,0.02,0.018000000000000002,1.8000000000000003,0.5678828954696655
2023-01-20 18:00:00,21380.0,TP,0.02,0.018000000000000002,1.8000000000000003,0.5354823470115662
2023-01-20 19:00:00,21494.2,TP,0.02,0.018000000000000002,1.8000000000000003,0.5771154761314392
2023-01-21 00:00:00,22571.5,TP,0.02,0.018000000000000002,1.8000000000000003,0.5667039752006531
2023-01-21 01:00:00,22558.0,TP,0.02,0.018000000000000002,1.8000000000000003,0.5711801052093506
2023-01-21 02:00:00,22543.9,TP,0.02,0.018000000000000002,1.8000000000000003,0.5690478086471558
2023-01-21 03:00:00,22541.7,TP,0.02,0.018000000000000002,1.8000000000000003,0.5046110153198242
2023-01-21 04:00:00,22593.0,TP,0.02,0.018000000000000002,1.8000000000000003,0.6002879738807678
2023-01-23 05:00:00,22721.4,TP,0.02,0.018000000000000002,1.8000000000000003,0.5741869807243347
2023-01-23 10:00:00,22909.0,SL,-0.01,-0.012,-1.2,0.5850772261619568
2023-01-23 11:00:00,22906.5,SL,-0.01,-0.012,-1.2,0.5093241930007935
2023-01-23 12:00:00,22909.8,SL,-0.01,-0.012,-1.2,0.5125793218612671
2023-01-23 13:00:00,22797.0,SL,-0.01,-0.012,-1.2,0.5178585052490234
2023-01-24 09:00:00,22845.2,SL,-0.01,-0.012,-1.2,0.6727325916290283
2023-01-24 10:00:00,22897.1,SL,-0.01,-0.012,-1.2,0.6152837872505188
2023-01-24 11:00:00,22912.0,SL,-0.01,-0.012,-1.2,0.7334988117218018
2023-01-24 12:00:00,22958.6,SL,-0.01,-0.012,-1.2,0.7779916524887085
2023-01-24 13:00:00,22856.1,SL,-0.01,-0.012,-1.2,0.7156356573104858
2023-01-24 14:00:00,22854.0,SL,-0.01,-0.012,-1.2,0.5857712030410767
2023-01-24 15:00:00,22924.0,SL,-0.01,-0.012,-1.2,0.5352612137794495
2023-01-24 16:00:00,22869.9,SL,-0.01,-0.012,-1.2,0.5325286984443665
2023-01-24 17:00:00,22905.9,SL,-0.01,-0.012,-1.2,0.5053464770317078
2023-01-25 15:00:00,22573.3,TP,0.02,0.018000000000000002,1.8000000000000003,0.5258454084396362
2023-01-25 21:00:00,23593.3,SL,-0.01,-0.012,-1.2,0.580608606338501
2023-01-26 03:00:00,23129.4,SL,-0.01,-0.012,-1.2,0.5324435830116272
2023-01-26 10:00:00,22932.3,SL,-0.01,-0.012,-1.2,0.5252101421356201
2023-01-28 18:00:00,22991.2,TP,0.02,0.018000000000000002,1.8000000000000003,0.529530942440033
2023-01-28 19:00:00,23033.1,TP,0.02,0.018000000000000002,1.8000000000000003,0.6288820505142212
2023-01-29 00:00:00,23105.1,TP,0.02,0.018000000000000002,1.8000000000000003,0.7622580528259277
2023-01-29 01:00:00,23232.0,TP,0.02,0.018000000000000002,1.8000000000000003,0.5775301456451416
2023-01-29 02:00:00,23142.0,TP,0.02,0.018000000000000002,1.8000000000000003,0.5186654329299927
2023-01-29 04:00:00,23228.4,TP,0.02,0.018000000000000002,1.8000000000000003,0.5661758184432983
2023-01-29 09:00:00,23293.0,TP,0.02,0.018000000000000002,1.8000000000000003,0.5503409504890442
2023-01-29 10:00:00,23446.9,TP,0.02,0.018000000000000002,1.8000000000000003,0.708115816116333
2023-01-29 11:00:00,23430.0,TP,0.02,0.018000000000000002,1.8000000000000003,0.5304736495018005
2023-01-29 20:00:00,23701.0,SL,-0.01,-0.012,-1.2,0.5188872218132019
2023-01-29 21:00:00,23795.8,SL,-0.01,-0.012,-1.2,0.5073652863502502
2023-01-29 22:00:00,23773.4,SL,-0.01,-0.012,-1.2,0.6351255774497986
2023-02-02 08:00:00,23803.7,SL,-0.01,-0.012,-1.2,0.5104916095733643
2023-02-04 12:00:00,23405.2,SL,-0.01,-0.012,-1.2,0.6023765802383423
2023-02-04 13:00:00,23503.0,SL,-0.01,-0.012,-1.2,0.6528519988059998
2023-02-04 14:00:00,23462.5,SL,-0.01,-0.012,-1.2,0.5992261171340942
2023-02-09 17:00:00,22533.8,SL,-0.01,-0.012,-1.2,0.5155559778213501
2023-02-14 14:00:00,22239.9,SL,-0.01,-0.012,-1.2,0.6056994795799255
2023-02-16 06:00:00,24597.9,SL,-0.01,-0.012,-1.2,0.6142076253890991
2023-02-16 07:00:00,24630.8,SL,-0.01,-0.012,-1.2,0.6305844187736511
2023-02-18 16:00:00,24650.5,TP,0.02,0.018000000000000002,1.8000000000000003,0.5232428908348083
2023-02-18 17:00:00,24694.1,TP,0.02,0.018000000000000002,1.8000000000000003,0.5449208617210388
2023-02-18 18:00:00,24713.8,SL,-0.01,-0.012,-1.2,0.5171663761138916
2023-02-18 19:00:00,24610.1,TP,0.02,0.018000000000000002,1.8000000000000003,0.5890800952911377
2023-02-18 20:00:00,24597.5,TP,0.02,0.018000000000000002,1.8000000000000003,0.5818950533866882
2023-02-18 21:00:00,24621.7,TP,0.02,0.018000000000000002,1.8000000000000003,0.6902911067008972
2023-02-18 22:00:00,24630.5,TP,0.02,0.018000000000000002,1.8000000000000003,0.6688266396522522
2023-02-18 23:00:00,24636.9,TP,0.02,0.018000000000000002,1.8000000000000003,0.6590295433998108
2023-02-19 00:00:00,24743.9,SL,-0.01,-0.012,-1.2,0.5488856434822083
2023-02-19 01:00:00,24714.1,SL,-0.01,-0.012,-1.2,0.5768639445304871
2023-02-19 02:00:00,24690.1,TP,0.02,0.018000000000000002,1.8000000000000003,0.5949162244796753
2023-02-19 03:00:00,24687.0,TP,0.02,0.018000000000000002,1.8000000000000003,0.6027763485908508
2023-02-19 04:00:00,24720.2,SL,-0.01,-0.012,-1.2,0.5897768139839172
2023-02-19 05:00:00,24766.2,SL,-0.01,-0.012,-1.2,0.5472472310066223
2023-02-19 06:00:00,24629.8,TP,0.02,0.018000000000000002,1.8000000000000003,0.5603771209716797
2023-02-19 07:00:00,24576.7,TP,0.02,0.018000000000000002,1.8000000000000003,0.5020410418510437
2023-02-19 08:00:00,24565.5,TP,0.02,0.018000000000000002,1.8000000000000003,0.5522916913032532
2023-02-19 11:00:00,24665.4,TP,0.02,0.018000000000000002,1.8000000000000003,0.5554357171058655
2023-02-19 12:00:00,24700.5,TP,0.02,0.018000000000000002,1.8000000000000003,0.5531825423240662
2023-02-19 13:00:00,24666.0,TP,0.02,0.018000000000000002,1.8000000000000003,0.5422962307929993
2023-02-19 14:00:00,24755.5,SL,-0.01,-0.012,-1.2,0.5829339623451233
2023-02-20 09:00:00,24884.7,SL,-0.01,-0.012,-1.2,0.5530819892883301
2023-02-20 14:00:00,24974.3,SL,-0.01,-0.012,-1.2,0.5293208360671997
2023-02-21 06:00:00,25038.6,SL,-0.01,-0.012,-1.2,0.5775637626647949
2023-02-21 07:00:00,25004.6,SL,-0.01,-0.012,-1.2,0.6276969909667969
2023-03-08 10:00:00,22099.5,SL,-0.01,-0.012,-1.2,0.560705304145813
2023-03-13 01:00:00,22280.9,SL,-0.01,-0.012,-1.2,0.7302425503730774
2023-03-13 02:00:00,22174.5,SL,-0.01,-0.012,-1.2,0.5107825398445129
2023-03-13 03:00:00,22221.7,SL,-0.01,-0.012,-1.2,0.5366449952125549
2023-03-13 04:00:00,22309.1,SL,-0.01,-0.012,-1.2,0.5106398463249207
2023-03-13 06:00:00,22372.8,SL,-0.01,-0.012,-1.2,0.5021553039550781
2023-03-13 07:00:00,22451.6,SL,-0.01,-0.012,-1.2,0.507007896900177
2023-03-13 08:00:00,22185.3,SL,-0.01,-0.012,-1.2,0.5975776314735413
2023-03-13 09:00:00,21956.0,TP,0.02,0.018000000000000002,1.8000000000000003,0.6847439408302307
2023-03-13 10:00:00,22113.0,TP,0.02,0.018000000000000002,1.8000000000000003,0.5113636255264282
2023-03-13 11:00:00,22092.6,TP,0.02,0.018000000000000002,1.8000000000000003,0.5474209189414978
2023-03-15 05:00:00,24715.7,SL,-0.01,-0.012,-1.2,0.5230074524879456
2023-03-15 14:00:00,24723.9,SL,-0.01,-0.012,-1.2,0.5153866410255432
2023-03-15 15:00:00,24480.1,SL,-0.01,-0.012,-1.2,0.5055943727493286
2023-03-16 04:00:00,24267.0,TP,0.02,0.018000000000000002,1.8000000000000003,0.5331465601921082
2023-03-16 06:00:00,24569.3,TP,0.02,0.018000000000000002,1.8000000000000003,0.5022619366645813
2023-03-16 07:00:00,24614.5,TP,0.02,0.018000000000000002,1.8000000000000003,0.550470232963562
2023-03-16 08:00:00,24578.0,TP,0.02,0.018000000000000002,1.8000000000000003,0.5976528525352478
2023-03-16 09:00:00,24655.4,TP,0.02,0.018000000000000002,1.8000000000000003,0.566261887550354
2023-03-18 21:00:00,27188.3,SL,-0.01,-0.012,-1.2,0.5940718650817871
2023-03-18 22:00:00,26901.9,TP,0.02,0.018000000000000002,1.8000000000000003,0.645326554775238
2023-03-18 23:00:00,26907.0,TP,0.02,0.018000000000000002,1.8000000000000003,0.5020995736122131
2023-03-19 00:00:00,27074.7,TP,0.02,0.018000000000000002,1.8000000000000003,0.622516393661499
2023-03-19 02:00:00,27108.9,SL,-0.01,-0.012,-1.2,0.527064323425293
2023-03-19 03:00:00,27194.7,SL,-0.01,-0.012,-1.2,0.5287907719612122
2023-03-19 05:00:00,27050.0,TP,0.02,0.018000000000000002,1.8000000000000003,0.5626248121261597
2023-03-19 06:00:00,26926.2,TP,0.02,0.018000000000000002,1.8000000000000003,0.5767199993133545
2023-03-19 07:00:00,26963.4,TP,0.02,0.018000000000000002,1.8000000000000003,0.7185490727424622
2023-03-19 08:00:00,26971.7,TP,0.02,0.018000000000000002,1.8000000000000003,0.6602251529693604
2023-03-19 09:00:00,27039.9,TP,0.02,0.018000000000000002,1.8000000000000003,0.7163373827934265
2023-03-19 10:00:00,27044.9,TP,0.02,0.018000000000000002,1.8000000000000003,0.7096081376075745
2023-03-19 11:00:00,27152.2,TP,0.02,0.018000000000000002,1.8000000000000003,0.65705806016922
2023-03-19 12:00:00,27232.0,TP,0.02,0.018000000000000002,1.8000000000000003,0.644273579120636
2023-03-19 13:00:00,27166.9,TP,0.02,0.018000000000000002,1.8000000000000003,0.649477481842041
2023-03-19 14:00:00,27316.6,TP,0.02,0.018000000000000002,1.8000000000000003,0.5291268825531006
2023-03-21 08:00:00,27633.2,TP,0.02,0.018000000000000002,1.8000000000000003,0.511649489402771
2023-03-22 04:00:00,28188.0,TP,0.02,0.018000000000000002,1.8000000000000003,0.5278454422950745
2023-03-22 05:00:00,28184.0,TP,0.02,0.018000000000000002,1.8000000000000003,0.527658998966217
2023-03-22 06:00:00,28188.8,TP,0.02,0.018000000000000002,1.8000000000000003,0.5278410911560059
2023-03-22 07:00:00,28088.2,TP,0.02,0.018000000000000002,1.8000000000000003,0.5797101855278015
2023-03-22 08:00:00,28071.7,TP,0.02,0.018000000000000002,1.8000000000000003,0.6385191679000854
2023-03-22 09:00:00,28086.7,TP,0.02,0.018000000000000002,1.8000000000000003,0.5974687337875366
2023-03-22 10:00:00,28138.8,TP,0.02,0.018000000000000002,1.8000000000000003,0.6579380035400391
2023-03-22 11:00:00,28113.5,TP,0.02,0.018000000000000002,1.8000000000000003,0.7068843841552734
2023-03-22 12:00:00,28207.1,SL,-0.01,-0.012,-1.2,0.74942946434021
2023-03-22 13:00:00,28269.7,SL,-0.01,-0.012,-1.2,0.6697861552238464
2023-03-22 14:00:00,28546.0,SL,-0.01,-0.012,-1.2,0.658362627029419
2023-03-23 15:00:00,28574.5,SL,-0.01,-0.012,-1.2,0.5984252691268921
2023-03-25 20:00:00,27341.4,TP,0.02,0.018000000000000002,1.8000000000000003,0.5646355152130127
2023-03-25 21:00:00,27394.1,TP,0.02,0.018000000000000002,1.8000000000000003,0.5484610795974731
2023-03-25 22:00:00,27434.4,TP,0.02,0.018000000000000002,1.8000000000000003,0.5538740754127502
2023-04-01 21:00:00,28464.7,SL,-0.01,-0.012,-1.2,0.5172668099403381
2023-04-09 11:00:00,27919.3,TP,0.02,0.018000000000000002,1.8000000000000003,0.5539670586585999
2023-04-09 12:00:00,27915.0,TP,0.02,0.018000000000000002,1.8000000000000003,0.5630159974098206
2023-04-10 01:00:00,28292.8,TP,0.02,0.018000000000000002,1.8000000000000003,0.5341812968254089
2023-04-11 01:00:00,30191.9,SL,-0.01,-0.012,-1.2,0.5105724334716797
2023-04-11 02:00:00,30074.5,SL,-0.01,-0.012,-1.2,0.7078902125358582
2023-04-11 03:00:00,30105.8,SL,-0.01,-0.012,-1.2,0.68072110414505
2023-04-11 04:00:00,30099.9,SL,-0.01,-0.012,-1.2,0.6419106721878052
2023-04-11 05:00:00,29871.6,TP,0.02,0.018000000000000002,1.8000000000000003,0.6895990371704102
2023-04-11 10:00:00,30114.3,SL,-0.01,-0.012,-1.2,0.5315175652503967
2023-04-13 00:00:00,29972.8,TP,0.02,0.018000000000000002,1.8000000000000003,0.5211908221244812
2023-04-13 03:00:00,30057.3,TP,0.02,0.018000000000000002,1.8000000000000003,0.5046929717063904
2023-04-13 05:00:00,30091.2,TP,0.02,0.018000000000000002,1.8000000000000003,0.637033224105835
2023-04-13 06:00:00,30000.3,TP,0.02,0.018000000000000002,1.8000000000000003,0.61784827709198
2023-04-13 07:00:00,30054.1,TP,0.02,0.018000000000000002,1.8000000000000003,0.6163544654846191
2023-04-13 08:00:00,30179.0,TP,0.02,0.018000000000000002,1.8000000000000003,0.6180898547172546
2023-04-13 09:00:00,30192.7,TP,0.02,0.018000000000000002,1.8000000000000003,0.6016539931297302
2023-04-13 10:00:00,30191.0,TP,0.02,0.018000000000000002,1.8000000000000003,0.5595266222953796
2023-04-13 11:00:00,30149.2,TP,0.02,0.018000000000000002,1.8000000000000003,0.545701801776886
2023-04-13 12:00:00,30259.0,TP,0.02,0.018000000000000002,1.8000000000000003,0.6262248158454895
2023-04-13 13:00:00,30164.3,TP,0.02,0.018000000000000002,1.8000000000000003,0.5948207974433899
2023-04-16 04:00:00,30291.8,SL,-0.01,-0.012,-1.2,0.5087474584579468
2023-04-16 05:00:00,30296.7,SL,-0.01,-0.012,-1.2,0.5105238556861877
2023-04-16 06:00:00,30289.1,SL,-0.01,-0.012,-1.2,0.5607935786247253
2023-04-16 07:00:00,30330.8,SL,-0.01,-0.012,-1.2,0.5541878342628479
2023-04-16 12:00:00,30250.1,SL,-0.01,-0.012,-1.2,0.5108199119567871
2023-04-16 13:00:00,30241.0,SL,-0.01,-0.012,-1.2,0.5532837510108948
2023-04-16 14:00:00,30304.0,SL,-0.01,-0.012,-1.2,0.5593004822731018
2023-04-16 15:00:00,30324.7,SL,-0.01,-0.012,-1.2,0.5694113373756409
2023-04-16 17:00:00,30292.1,SL,-0.01,-0.012,-1.2,0.5002070665359497
2023-04-16 18:00:00,30487.1,SL,-0.01,-0.012,-1.2,0.5490019917488098
2023-04-16 19:00:00,30306.0,SL,-0.01,-0.012,-1.2,0.6361491084098816
2023-04-16 20:00:00,30334.4,SL,-0.01,-0.012,-1.2,0.5897273421287537
2023-04-16 21:00:00,30377.3,SL,-0.01,-0.012,-1.2,0.6388545632362366
2023-04-16 22:00:00,30314.7,SL,-0.01,-0.012,-1.2,0.5548663139343262
2023-04-26 12:00:00,29955.0,SL,-0.01,-0.012,-1.2,0.5086762309074402
2023-04-29 03:00:00,29328.8,SL,-0.01,-0.012,-1.2,0.5047844052314758
2023-04-29 04:00:00,29363.0,SL,-0.01,-0.012,-1.2,0.589716911315918
2023-04-29 05:00:00,29346.0,SL,-0.01,-0.012,-1.2,0.5386428833007812
2023-04-29 06:00:00,29316.1,SL,-0.01,-0.012,-1.2,0.5239559412002563
2023-04-29 07:00:00,29333.9,SL,-0.01,-0.012,-1.2,0.5521634817123413
2023-04-29 08:00:00,29300.0,SL,-0.01,-0.012,-1.2,0.6208505630493164
2023-04-29 11:00:00,29323.4,SL,-0.01,-0.012,-1.2,0.6090831756591797
2023-04-29 13:00:00,29371.9,SL,-0.01,-0.012,-1.2,0.6628140211105347
2023-04-29 14:00:00,29319.1,SL,-0.01,-0.012,-1.2,0.7138968706130981
2023-04-29 15:00:00,29258.1,TP,0.02,0.018000000000000002,1.8000000000000003,0.7253316044807434
2023-04-29 16:00:00,29265.3,TP,0.02,0.018000000000000002,1.8000000000000003,0.6904431581497192
2023-04-30 07:00:00,29252.0,TP,0.02,0.018000000000000002,1.8000000000000003,0.5890706181526184
2023-04-30 08:00:00,29260.7,TP,0.02,0.018000000000000002,1.8000000000000003,0.5565154552459717
2023-04-30 09:00:00,29242.7,TP,0.02,0.018000000000000002,1.8000000000000003,0.5321970582008362
2023-04-30 10:00:00,29210.7,TP,0.02,0.018000000000000002,1.8000000000000003,0.5240792036056519
2023-04-30 13:00:00,29278.0,TP,0.02,0.018000000000000002,1.8000000000000003,0.53819739818573
2023-05-03 20:00:00,28503.4,TP,0.02,0.018000000000000002,1.8000000000000003,0.5083495378494263
2023-05-21 08:00:00,27035.8,SL,-0.01,-0.012,-1.2,0.5366093516349792
2023-05-23 03:00:00,27354.6,SL,-0.01,-0.012,-1.2,0.658104419708252
2023-05-23 04:00:00,27372.7,SL,-0.01,-0.012,-1.2,0.5022153258323669
2023-05-27 09:00:00,26686.5,TP,0.02,0.018000000000000002,1.8000000000000003,0.5659502744674683
2023-05-27 10:00:00,26669.5,TP,0.02,0.018000000000000002,1.8000000000000003,0.6156790852546692
2023-05-27 11:00:00,26687.7,TP,0.02,0.018000000000000002,1.8000000000000003,0.5849487781524658
2023-05-27 12:00:00,26700.0,TP,0.02,0.018000000000000002,1.8000000000000003,0.5902673602104187
2023-05-27 13:00:00,26617.8,TP,0.02,0.018000000000000002,1.8000000000000003,0.5438975691795349
2023-05-27 14:00:00,26658.8,TP,0.02,0.018000000000000002,1.8000000000000003,0.5588171482086182
2023-05-27 15:00:00,26682.1,TP,0.02,0.018000000000000002,1.8000000000000003,0.5172683596611023
2023-05-27 16:00:00,26654.1,TP,0.02,0.018000000000000002,1.8000000000000003,0.5064873695373535
2023-05-27 17:00:00,26750.0,TP,0.02,0.018000000000000002,1.8000000000000003,0.5523231029510498
2023-05-27 18:00:00,26689.6,TP,0.02,0.018000000000000002,1.8000000000000003,0.5785700082778931
2023-05-27 20:00:00,26744.0,TP,0.02,0.018000000000000002,1.8000000000000003,0.5315656065940857
2023-05-27 21:00:00,26759.4,TP,0.02,0.018000000000000002,1.8000000000000003,0.5252874493598938
2023-05-28 00:00:00,27063.3,TP,0.02,0.018000000000000002,1.8000000000000003,0.5420055985450745
2023-05-29 03:00:00,27947.9,SL,-0.01,-0.012,-1.2,0.6358664035797119
2023-05-29 04:00:00,27944.7,SL,-0.01,-0.012,-1.2,0.5898467898368835
2023-05-29 05:00:00,27983.3,SL,-0.01,-0.012,-1.2,0.6091423034667969
2023-05-29 06:00:00,28000.0,SL,-0.01,-0.012,-1.2,0.5692441463470459
2023-05-29 07:00:00,27895.0,SL,-0.01,-0.012,-1.2,0.5838229656219482
2023-05-30 05:00:00,27741.7,SL,-0.01,-0.012,-1.2,0.5225105285644531
2023-05-30 06:00:00,27785.0,SL,-0.01,-0.012,-1.2,0.5312567353248596
2023-05-30 07:00:00,27721.0,SL,-0.01,-0.012,-1.2,0.5226466059684753
2023-05-30 08:00:00,27769.9,SL,-0.01,-0.012,-1.2,0.5923467874526978
2023-05-30 09:00:00,27840.0,SL,-0.01,-0.012,-1.2,0.5964611172676086
2023-05-30 10:00:00,27887.0,SL,-0.01,-0.012,-1.2,0.5769657492637634
2023-05-30 11:00:00,28005.9,SL,-0.01,-0.012,-1.2,0.6837186217308044
2023-05-30 12:00:00,27887.1,SL,-0.01,-0.012,-1.2,0.6025952696800232
2023-05-30 13:00:00,27788.0,SL,-0.01,-0.012,-1.2,0.5483065247535706
2023-05-30 20:00:00,27745.7,SL,-0.01,-0.012,-1.2,0.5114189386367798
2023-05-31 02:00:00,27663.3,SL,-0.01,-0.012,-1.2,0.5027751922607422
2023-06-07 01:00:00,27084.3,SL,-0.01,-0.012,-1.2,0.5143324732780457
2023-06-15 20:00:00,25556.7,SL,-0.01,-0.012,-1.2,0.5045331120491028
2023-06-19 11:00:00,26438.6,TP,0.02,0.018000000000000002,1.8000000000000003,0.5683454871177673
2023-06-19 12:00:00,26521.4,TP,0.02,0.018000000000000002,1.8000000000000003,0.575532078742981
2023-06-19 13:00:00,26520.7,TP,0.02,0.018000000000000002,1.8000000000000003,0.7040922045707703
2023-06-19 14:00:00,26413.6,TP,0.02,0.018000000000000002,1.8000000000000003,0.6563166975975037
2023-06-19 15:00:00,26431.1,TP,0.02,0.018000000000000002,1.8000000000000003,0.6554383635520935
2023-06-21 02:00:00,28779.0,TP,0.02,0.018000000000000002,1.8000000000000003,0.5139968991279602
2023-06-21 03:00:00,28704.6,TP,0.02,0.018000000000000002,1.8000000000000003,0.5361763834953308
2023-06-21 06:00:00,28846.9,TP,0.02,0.018000000000000002,1.8000000000000003,0.6064608097076416
2023-06-21 22:00:00,30103.2,SL,-0.01,-0.012,-1.2,0.5084651112556458
2023-06-21 23:00:00,29988.5,SL,-0.01,-0.012,-1.2,0.5033434629440308
2023-06-24 18:00:00,30633.8,SL,-0.01,-0.012,-1.2,0.519683837890625
2023-06-24 19:00:00,30622.2,SL,-0.01,-0.012,-1.2,0.5332592129707336
2023-06-25 01:00:00,30591.1,SL,-0.01,-0.012,-1.2,0.5538623332977295
2023-06-25 02:00:00,30611.8,SL,-0.01,-0.012,-1.2,0.6193116903305054
2023-06-25 03:00:00,30742.0,SL,-0.01,-0.012,-1.2,0.5064240097999573
2023-06-25 04:00:00,30880.1,SL,-0.01,-0.012,-1.2,0.5285306572914124
2023-06-25 06:00:00,30863.7,SL,-0.01,-0.012,-1.2,0.5198336839675903
2023-06-25 09:00:00,30674.1,SL,-0.01,-0.012,-1.2,0.524272620677948
2023-06-25 11:00:00,30710.0,SL,-0.01,-0.012,-1.2,0.5220115184783936
2023-06-25 12:00:00,30664.0,SL,-0.01,-0.012,-1.2,0.505678653717041
2023-06-27 01:00:00,30363.3,TP,0.02,0.018000000000000002,1.8000000000000003,0.5212212800979614
2023-06-27 03:00:00,30360.0,TP,0.02,0.018000000000000002,1.8000000000000003,0.5431115627288818
2023-06-29 07:00:00,30333.9,TP,0.02,0.018000000000000002,1.8000000000000003,0.5464237332344055
2023-06-29 08:00:00,30376.4,TP,0.02,0.018000000000000002,1.8000000000000003,0.6267860531806946
2023-06-29 09:00:00,30419.7,TP,0.02,0.018000000000000002,1.8000000000000003,0.6552320122718811
2023-06-29 10:00:00,30688.8,SL,-0.01,-0.012,-1.2,0.5815635919570923
2023-06-30 04:00:00,30868.4,SL,-0.01,-0.012,-1.2,0.6048462390899658
2023-07-01 16:00:00,30564.0,SL,-0.01,-0.012,-1.2,0.5481452941894531
2023-07-01 17:00:00,30562.5,SL,-0.01,-0.012,-1.2,0.6052568554878235
2023-07-01 18:00:00,30599.9,SL,-0.01,-0.012,-1.2,0.530766487121582
2023-07-01 19:00:00,30600.5,SL,-0.01,-0.012,-1.2,0.5837036371231079
2023-07-01 20:00:00,30577.8,SL,-0.01,-0.012,-1.2,0.6336574554443359
2023-07-01 21:00:00,30574.7,SL,-0.01,-0.012,-1.2,0.6195399165153503
2023-07-01 22:00:00,30569.2,SL,-0.01,-0.012,-1.2,0.6033819317817688
2023-07-01 23:00:00,30573.6,SL,-0.01,-0.012,-1.2,0.5817729234695435
2023-07-02 00:00:00,30567.9,SL,-0.01,-0.012,-1.2,0.6319347023963928
2023-07-02 01:00:00,30559.6,SL,-0.01,-0.012,-1.2,0.6724491119384766
2023-07-02 02:00:00,30535.0,SL,-0.01,-0.012,-1.2,0.7125023603439331
2023-07-02 03:00:00,30505.2,SL,-0.01,-0.012,-1.2,0.6201210021972656
2023-07-02 04:00:00,30525.1,SL,-0.01,-0.012,-1.2,0.6515972018241882
2023-07-02 05:00:00,30473.1,SL,-0.01,-0.012,-1.2,0.6247290372848511
2023-07-02 06:00:00,30475.8,SL,-0.01,-0.012,-1.2,0.6763342022895813
2023-07-02 07:00:00,30504.7,SL,-0.01,-0.012,-1.2,0.6102591753005981
2023-07-02 08:00:00,30477.2,SL,-0.01,-0.012,-1.2,0.6659548282623291
2023-07-02 09:00:00,30513.4,SL,-0.01,-0.012,-1.2,0.5787022709846497
2023-07-02 10:00:00,30505.1,SL,-0.01,-0.012,-1.2,0.523055374622345
2023-07-02 14:00:00,30586.5,SL,-0.01,-0.012,-1.2,0.5016574263572693
2023-07-03 01:00:00,30660.2,TP,0.02,0.018000000000000002,1.8000000000000003,0.5082436800003052
2023-07-03 12:00:00,30648.0,TP,0.02,0.018000000000000002,1.8000000000000003,0.7509433627128601
2023-07-03 13:00:00,30644.0,TP,0.02,0.018000000000000002,1.8000000000000003,0.7436438202857971
2023-07-03 14:00:00,30729.9,TP,0.02,0.018000000000000002,1.8000000000000003,0.6094974279403687
2023-07-05 09:00:00,30668.9,SL,-0.01,-0.012,-1.2,0.5188095569610596
2023-07-09 12:00:00,30320.0,SL,-0.01,-0.012,-1.2,0.5498790144920349
2023-07-10 18:00:00,30519.3,TIME,0.006753103773677712,0.004753103773677712,0.4753103773677712,0.5175716280937195
2023-07-13 08:00:00,30400.0,TP,0.02,0.018000000000000002,1.8000000000000003,0.5962879657745361
2023-07-13 21:00:00,31243.9,SL,-0.01,-0.012,-1.2,0.5382585525512695
2023-07-14 02:00:00,31448.0,SL,-0.01,-0.012,-1.2,0.5295506119728088
2023-07-14 03:00:00,31445.4,SL,-0.01,-0.012,-1.2,0.5383327603340149
2023-07-16 10:00:00,30273.4,SL,-0.01,-0.012,-1.2,0.6348004937171936
2023-07-16 11:00:00,30293.6,SL,-0.01,-0.012,-1.2,0.6147779226303101
2023-07-16 12:00:00,30280.8,SL,-0.01,-0.012,-1.2,0.6015685200691223
2023-07-16 13:00:00,30292.4,SL,-0.01,-0.012,-1.2,0.5743637084960938
2023-07-16 15:00:00,30366.0,SL,-0.01,-0.012,-1.2,0.5664057731628418
2023-07-16 16:00:00,30349.6,SL,-0.01,-0.012,-1.2,0.5545820593833923
2023-07-16 17:00:00,30365.5,SL,-0.01,-0.012,-1.2,0.5417065620422363
2023-07-16 18:00:00,30260.5,SL,-0.01,-0.012,-1.2,0.5667831301689148
2023-07-16 19:00:00,30239.5,SL,-0.01,-0.012,-1.2,0.532014012336731
2023-07-23 13:00:00,29875.5,SL,-0.01,-0.012,-1.2,0.5384424328804016
2023-07-23 17:00:00,30110.1,SL,-0.01,-0.012,-1.2,0.5760306119918823
2023-07-23 18:00:00,30238.7,SL,-0.01,-0.012,-1.2,0.573897659778595
2023-07-23 20:00:00,30131.1,SL,-0.01,-0.012,-1.2,0.5711811780929565
2023-07-29 23:00:00,29339.1,TIME,0.001935983039697977,-6.401696030202309e-05,-0.006401696030202309,0.5298177003860474
2023-07-30 00:00:00,29337.0,TIME,0.004086989126359255,0.0020869891263592547,0.20869891263592547,0.569953441619873
2023-07-30 02:00:00,29299.8,TIME,-0.00033447327285508,-0.00233447327285508,-0.23344732728550802,0.5943126082420349
2023-07-30 03:00:00,29300.2,TIME,-0.0023515197848479347,-0.004351519784847935,-0.4351519784847935,0.5656877756118774
2023-07-30 04:00:00,29309.5,TIME,-0.0032207987171395435,-0.0052207987171395435,-0.5220798717139543,0.5984795093536377
2023-07-30 11:00:00,29301.3,TIME,-0.0032933692361772344,-0.005293369236177235,-0.5293369236177234,0.5716288685798645
2023-07-30 12:00:00,29307.4,TIME,-0.0043402007684066385,-0.0063402007684066385,-0.6340200768406639,0.6053418517112732
2023-07-30 16:00:00,29367.4,TIME,-0.004658226468805645,-0.006658226468805645,-0.6658226468805645,0.5278537273406982
2023-07-30 17:00:00,29385.1,TIME,-0.0063127231147758565,-0.008312723114775857,-0.8312723114775856,0.574966311454773
2023-07-30 18:00:00,29342.1,TIME,-0.004133991772913298,-0.006133991772913298,-0.6133991772913298,0.5444634556770325
2023-07-31 00:00:00,29449.7,SL,-0.01,-0.012,-1.2,0.5897785425186157
2023-07-31 01:00:00,29442.4,SL,-0.01,-0.012,-1.2,0.5715323090553284
2023-07-31 02:00:00,29448.6,SL,-0.01,-0.012,-1.2,0.6480159759521484
2023-07-31 03:00:00,29411.8,SL,-0.01,-0.012,-1.2,0.5860556960105896
2023-07-31 04:00:00,29388.9,SL,-0.01,-0.012,-1.2,0.6526135206222534
2023-07-31 05:00:00,29367.9,SL,-0.01,-0.012,-1.2,0.6373959183692932
2023-07-31 06:00:00,29400.1,SL,-0.01,-0.012,-1.2,0.5905250310897827
2023-07-31 07:00:00,29363.7,SL,-0.01,-0.012,-1.2,0.5245985984802246
2023-07-31 08:00:00,29384.2,SL,-0.01,-0.012,-1.2,0.6079780459403992
2023-07-31 09:00:00,29376.8,SL,-0.01,-0.012,-1.2,0.6306667923927307
2023-07-31 10:00:00,29378.5,SL,-0.01,-0.012,-1.2,0.6065244674682617
2023-07-31 11:00:00,29395.9,SL,-0.01,-0.012,-1.2,0.5337380766868591
2023-07-31 12:00:00,29456.9,SL,-0.01,-0.012,-1.2,0.5556550025939941
2023-07-31 13:00:00,29352.6,SL,-0.01,-0.012,-1.2,0.5738239288330078
2023-07-31 14:00:00,29290.0,SL,-0.01,-0.012,-1.2,0.5220126509666443
2023-08-01 18:00:00,29261.5,TP,0.02,0.018000000000000002,1.8000000000000003,0.5002570152282715
2023-08-04 10:00:00,29152.8,TIME,-0.0035228177053319315,-0.005522817705331931,-0.552281770533193,0.5458911061286926
2023-08-04 11:00:00,29157.2,TIME,-0.0026134196699271785,-0.0046134196699271785,-0.46134196699271784,0.5491632223129272
2023-08-04 12:00:00,29208.7,TIME,-0.002540339008583084,-0.004540339008583084,-0.45403390085830836,0.6152839660644531
2023-08-06 22:00:00,29085.8,SL,-0.01,-0.012,-1.2,0.5143834948539734
2023-08-07 00:00:00,29046.4,SL,-0.01,-0.012,-1.2,0.5135409235954285
2023-08-07 01:00:00,29133.5,SL,-0.01,-0.012,-1.2,0.5795953273773193
2023-08-07 02:00:00,29186.5,SL,-0.01,-0.012,-1.2,0.6439463496208191
2023-08-07 03:00:00,29148.9,SL,-0.01,-0.012,-1.2,0.6428890228271484
2023-08-07 04:00:00,29172.3,SL,-0.01,-0.012,-1.2,0.7483200430870056
2023-08-07 05:00:00,29115.5,SL,-0.01,-0.012,-1.2,0.687802255153656
2023-08-07 06:00:00,29041.4,SL,-0.01,-0.012,-1.2,0.6487095355987549
2023-08-07 07:00:00,29084.7,SL,-0.01,-0.012,-1.2,0.7134116888046265
2023-08-07 08:00:00,29050.1,SL,-0.01,-0.012,-1.2,0.6957254409790039
2023-08-07 09:00:00,29081.0,SL,-0.01,-0.012,-1.2,0.759027898311615
2023-08-07 10:00:00,29134.5,SL,-0.01,-0.012,-1.2,0.714911699295044
2023-08-07 11:00:00,29085.8,SL,-0.01,-0.012,-1.2,0.5942762494087219
2023-08-07 12:00:00,29070.2,SL,-0.01,-0.012,-1.2,0.6200546026229858
2023-08-07 13:00:00,29019.4,SL,-0.01,-0.012,-1.2,0.5149250626564026
2023-08-07 18:00:00,29080.0,TP,0.02,0.018000000000000002,1.8000000000000003,0.6035795211791992
2023-08-07 19:00:00,29144.9,TP,0.02,0.018000000000000002,1.8000000000000003,0.6049615740776062
2023-08-07 20:00:00,29186.5,TP,0.02,0.018000000000000002,1.8000000000000003,0.5212079882621765
2023-08-07 21:00:00,29184.3,TP,0.02,0.018000000000000002,1.8000000000000003,0.5566444993019104
2023-08-07 22:00:00,29170.6,TP,0.02,0.018000000000000002,1.8000000000000003,0.5365336537361145
2023-08-08 01:00:00,29140.8,TP,0.02,0.018000000000000002,1.8000000000000003,0.5463092923164368
2023-08-08 02:00:00,29160.8,TP,0.02,0.018000000000000002,1.8000000000000003,0.5636187195777893
2023-08-08 03:00:00,29182.8,TP,0.02,0.018000000000000002,1.8000000000000003,0.5820466876029968
2023-08-08 06:00:00,29210.9,TP,0.02,0.018000000000000002,1.8000000000000003,0.683800458908081
2023-08-08 07:00:00,29177.0,TP,0.02,0.018000000000000002,1.8000000000000003,0.6443688869476318
2023-08-08 08:00:00,29169.3,TP,0.02,0.018000000000000002,1.8000000000000003,0.5943499803543091
2023-08-08 09:00:00,29191.4,TP,0.02,0.018000000000000002,1.8000000000000003,0.599170446395874
2023-08-08 21:00:00,29848.1,SL,-0.01,-0.012,-1.2,0.510293185710907
2023-08-08 22:00:00,29756.4,SL,-0.01,-0.012,-1.2,0.5900874733924866
2023-08-09 02:00:00,29680.1,SL,-0.01,-0.012,-1.2,0.5029850602149963
2023-08-13 05:00:00,29374.2,TIME,-0.0004698000285964987,-0.0024698000285964987,-0.24698000285964986,0.5052156448364258
2023-08-14 15:00:00,29592.9,SL,-0.01,-0.012,-1.2,0.603276789188385
2023-08-14 16:00:00,29638.5,SL,-0.01,-0.012,-1.2,0.5778272151947021
2023-08-14 22:00:00,29426.5,SL,-0.01,-0.012,-1.2,0.5315516591072083
2023-08-14 23:00:00,29419.5,TIME,-0.0061693774537296695,-0.00816937745372967,-0.816937745372967,0.5286923050880432
2023-08-15 02:00:00,29372.3,TIME,-0.00596480357343486,-0.00796480357343486,-0.796480357343486,0.5094289779663086
2023-08-16 09:00:00,29161.2,SL,-0.01,-0.012,-1.2,0.5490620136260986
2023-08-22 23:00:00,26044.4,TP,0.02,0.018000000000000002,1.8000000000000003,0.5020730495452881
2023-08-23 16:00:00,26379.3,SL,-0.01,-0.012,-1.2,0.5147730708122253
2023-08-28 14:00:00,26126.4,TP,0.02,0.018000000000000002,1.8000000000000003,0.5897766351699829
2023-08-28 16:00:00,26132.6,TP,0.02,0.018000000000000002,1.8000000000000003,0.5175918936729431
2023-08-28 17:00:00,26129.0,TP,0.02,0.018000000000000002,1.8000000000000003,0.5087237358093262
2023-08-28 18:00:00,26134.4,TP,0.02,0.018000000000000002,1.8000000000000003,0.503134548664093
2023-08-28 21:00:00,25967.0,TP,0.02,0.018000000000000002,1.8000000000000003,0.5418810248374939
2023-08-28 22:00:00,26046.1,TP,0.02,0.018000000000000002,1.8000000000000003,0.6044225096702576
2023-08-28 23:00:00,26106.5,TP,0.02,0.018000000000000002,1.8000000000000003,0.6345590353012085
2023-08-29 00:00:00,26128.0,TP,0.02,0.018000000000000002,1.8000000000000003,0.748104453086853
2023-08-29 01:00:00,26091.9,TP,0.02,0.018000000000000002,1.8000000000000003,0.643184244632721
2023-08-29 02:00:00,26091.1,TP,0.02,0.018000000000000002,1.8000000000000003,0.5774897336959839
2023-08-29 15:00:00,27411.4,TP,0.02,0.018000000000000002,1.8000000000000003,0.6319550275802612
2023-08-29 16:00:00,27988.4,SL,-0.01,-0.012,-1.2,0.5857983231544495
2023-08-29 17:00:00,27880.1,SL,-0.01,-0.012,-1.2,0.6975270509719849
2023-08-29 18:00:00,27960.1,SL,-0.01,-0.012,-1.2,0.6301422119140625
2023-08-29 19:00:00,27820.0,SL,-0.01,-0.012,-1.2,0.7483474016189575
2023-08-29 20:00:00,27560.0,SL,-0.01,-0.012,-1.2,0.7229250073432922
2023-08-29 21:00:00,27651.3,SL,-0.01,-0.012,-1.2,0.6066855192184448
2023-08-29 22:00:00,27624.8,SL,-0.01,-0.012,-1.2,0.5796145796775818
2023-08-29 23:00:00,27700.1,SL,-0.01,-0.012,-1.2,0.5401593446731567
2023-08-30 00:00:00,27611.9,SL,-0.01,-0.012,-1.2,0.6790390014648438
2023-08-30 01:00:00,27542.8,SL,-0.01,-0.012,-1.2,0.6433584690093994
2023-08-30 02:00:00,27388.5,SL,-0.01,-0.012,-1.2,0.7325844764709473
2023-08-30 03:00:00,27379.3,SL,-0.01,-0.012,-1.2,0.6475361585617065
2023-08-30 04:00:00,27427.7,SL,-0.01,-0.012,-1.2,0.5033585429191589
2023-08-31 05:00:00,27237.5,SL,-0.01,-0.012,-1.2,0.5031805634498596
2023-08-31 06:00:00,27244.5,SL,-0.01,-0.012,-1.2,0.6329650282859802
2023-08-31 07:00:00,27249.1,SL,-0.01,-0.012,-1.2,0.7758653163909912
2023-08-31 08:00:00,27225.0,SL,-0.01,-0.012,-1.2,0.7276225686073303
2023-08-31 09:00:00,27186.1,SL,-0.01,-0.012,-1.2,0.7683268785476685
2023-08-31 10:00:00,27190.3,SL,-0.01,-0.012,-1.2,0.7687572836875916
2023-08-31 11:00:00,27291.8,SL,-0.01,-0.012,-1.2,0.6914640665054321
2023-09-07 23:00:00,26240.7,SL,-0.01,-0.012,-1.2,0.5470985770225525
2023-09-08 02:00:00,26234.9,SL,-0.01,-0.012,-1.2,0.5625812411308289
2023-09-08 03:00:00,26235.6,SL,-0.01,-0.012,-1.2,0.5556194186210632
2023-09-08 04:00:00,26334.1,SL,-0.01,-0.012,-1.2,0.5585607290267944
2023-09-08 05:00:00,26225.6,SL,-0.01,-0.012,-1.2,0.5127559304237366
2023-09-09 22:00:00,25899.1,SL,-0.01,-0.012,-1.2,0.5245209336280823
2023-09-09 23:00:00,25892.6,SL,-0.01,-0.012,-1.2,0.5184648036956787
2023-09-10 00:00:00,25862.3,SL,-0.01,-0.012,-1.2,0.5487973093986511
2023-09-10 03:00:00,25851.1,SL,-0.01,-0.012,-1.2,0.5537659525871277
2023-09-10 04:00:00,25821.5,SL,-0.01,-0.012,-1.2,0.5671519041061401
2023-09-10 05:00:00,25835.5,SL,-0.01,-0.012,-1.2,0.5463007092475891
2023-09-10 06:00:00,25841.9,SL,-0.01,-0.012,-1.2,0.5595297813415527
2023-09-10 07:00:00,25843.0,SL,-0.01,-0.012,-1.2,0.5125152468681335
2023-09-10 08:00:00,25849.8,SL,-0.01,-0.012,-1.2,0.520317792892456
2023-09-10 09:00:00,25817.0,SL,-0.01,-0.012,-1.2,0.5142946839332581
2023-09-10 10:00:00,25791.1,SL,-0.01,-0.012,-1.2,0.5621147155761719
2023-09-10 11:00:00,25782.9,SL,-0.01,-0.012,-1.2,0.6129302978515625
2023-09-10 12:00:00,25790.2,SL,-0.01,-0.012,-1.2,0.5586529970169067
2023-09-10 21:00:00,25893.0,SL,-0.01,-0.012,-1.2,0.5125630497932434
2023-09-11 02:00:00,25723.5,SL,-0.01,-0.012,-1.2,0.5717962384223938
2023-09-11 03:00:00,25727.4,SL,-0.01,-0.012,-1.2,0.5692173838615417
2023-09-11 04:00:00,25768.1,SL,-0.01,-0.012,-1.2,0.5678741931915283
2023-09-11 05:00:00,25884.8,SL,-0.01,-0.012,-1.2,0.6584595441818237
2023-09-11 06:00:00,25829.6,SL,-0.01,-0.012,-1.2,0.5854769349098206
2023-09-11 08:00:00,25793.2,SL,-0.01,-0.012,-1.2,0.5484290719032288
2023-09-12 14:00:00,26097.3,SL,-0.01,-0.012,-1.2,0.5398174524307251
2023-09-12 16:00:00,26094.4,SL,-0.01,-0.012,-1.2,0.6504231691360474
2023-09-17 14:00:00,26526.0,TP,0.02,0.018000000000000002,1.8000000000000003,0.5010581016540527
2023-09-17 15:00:00,26537.0,TP,0.02,0.018000000000000002,1.8000000000000003,0.5669384002685547
2023-09-18 01:00:00,26449.7,TP,0.02,0.018000000000000002,1.8000000000000003,0.5844330191612244
2023-09-18 02:00:00,26648.5,TP,0.02,0.018000000000000002,1.8000000000000003,0.6122112274169922
2023-09-18 09:00:00,26858.6,TP,0.02,0.018000000000000002,1.8000000000000003,0.5234511494636536
2023-09-18 17:00:00,26747.8,TP,0.02,0.018000000000000002,1.8000000000000003,0.5125294923782349
2023-09-20 13:00:00,27146.6,SL,-0.01,-0.012,-1.2,0.5264462828636169
2023-09-20 14:00:00,27109.9,SL,-0.01,-0.012,-1.2,0.5143511891365051
2023-09-20 15:00:00,27168.7,SL,-0.01,-0.012,-1.2,0.5333420634269714
2023-09-20 16:00:00,27149.4,SL,-0.01,-0.012,-1.2,0.5761971473693848
2023-09-20 17:00:00,27183.9,SL,-0.01,-0.012,-1.2,0.552705705165863
2023-09-20 18:00:00,27153.4,SL,-0.01,-0.012,-1.2,0.5277446508407593
2023-09-20 20:00:00,27085.8,SL,-0.01,-0.012,-1.2,0.5151450634002686
2023-09-20 23:00:00,27107.7,SL,-0.01,-0.012,-1.2,0.5001093745231628
2023-09-24 05:00:00,26547.2,SL,-0.01,-0.012,-1.2,0.5054623484611511
2023-09-24 15:00:00,26566.0,SL,-0.01,-0.012,-1.2,0.6382397413253784
2023-09-24 16:00:00,26562.5,SL,-0.01,-0.012,-1.2,0.5813584923744202
2023-09-24 20:00:00,26489.3,SL,-0.01,-0.012,-1.2,0.5426232814788818
2023-09-25 17:00:00,26341.3,SL,-0.01,-0.012,-1.2,0.5372313261032104
2023-09-27 23:00:00,26359.6,TP,0.02,0.018000000000000002,1.8000000000000003,0.5116680860519409
2023-09-28 00:00:00,26429.3,TP,0.02,0.018000000000000002,1.8000000000000003,0.522469162940979
2023-09-30 23:00:00,26950.9,TP,0.02,0.018000000000000002,1.8000000000000003,0.6258722543716431
2023-10-01 00:00:00,26976.9,TP,0.02,0.018000000000000002,1.8000000000000003,0.5934484601020813
2023-10-01 01:00:00,27005.1,TP,0.02,0.018000000000000002,1.8000000000000003,0.5600714087486267
2023-10-01 02:00:00,27015.6,TP,0.02,0.018000000000000002,1.8000000000000003,0.5593367218971252
2023-10-01 07:00:00,27092.1,TP,0.02,0.018000000000000002,1.8000000000000003,0.5081009268760681
2023-10-01 10:00:00,27195.5,TP,0.02,0.018000000000000002,1.8000000000000003,0.5220555067062378
2023-10-01 11:00:00,27174.2,TP,0.02,0.018000000000000002,1.8000000000000003,0.5379615426063538
2023-10-01 12:00:00,27176.3,TP,0.02,0.018000000000000002,1.8000000000000003,0.5152610540390015
2023-10-01 13:00:00,27175.7,TP,0.02,0.018000000000000002,1.8000000000000003,0.5255796909332275
2023-10-01 14:00:00,27108.9,TP,0.02,0.018000000000000002,1.8000000000000003,0.7146793007850647
2023-10-01 15:00:00,27135.8,TP,0.02,0.018000000000000002,1.8000000000000003,0.7463337779045105
2023-10-01 16:00:00,27099.9,TP,0.02,0.018000000000000002,1.8000000000000003,0.7591246366500854
2023-10-01 17:00:00,27061.8,TP,0.02,0.018000000000000002,1.8000000000000003,0.663930356502533
2023-10-01 18:00:00,27083.0,TP,0.02,0.018000000000000002,1.8000000000000003,0.7099562287330627
2023-10-01 19:00:00,27091.1,TP,0.02,0.018000000000000002,1.8000000000000003,0.6957223415374756
2023-10-01 20:00:00,27093.6,TP,0.02,0.018000000000000002,1.8000000000000003,0.7477997541427612
2023-10-01 21:00:00,27164.0,TP,0.02,0.018000000000000002,1.8000000000000003,0.7580811381340027
2023-10-02 08:00:00,28264.4,SL,-0.01,-0.012,-1.2,0.5086930990219116
2023-10-02 09:00:00,28272.5,SL,-0.01,-0.012,-1.2,0.6023862361907959
2023-10-02 10:00:00,28294.0,SL,-0.01,-0.012,-1.2,0.6101782321929932
2023-10-02 11:00:00,28183.2,SL,-0.01,-0.012,-1.2,0.7085662484169006
2023-10-02 14:00:00,28292.4,SL,-0.01,-0.012,-1.2,0.5488961935043335
2023-10-02 15:00:00,28015.0,SL,-0.01,-0.012,-1.2,0.5236241221427917
2023-10-02 16:00:00,27986.7,SL,-0.01,-0.012,-1.2,0.5009854435920715
2023-10-06 07:00:00,27626.8,SL,-0.01,-0.012,-1.2,0.5841541886329651
2023-10-06 08:00:00,27602.8,SL,-0.01,-0.012,-1.2,0.5560830235481262
2023-10-06 09:00:00,27674.9,SL,-0.01,-0.012,-1.2,0.5567026138305664
2023-10-06 11:00:00,27750.0,SL,-0.01,-0.012,-1.2,0.5141038298606873
2023-10-08 00:00:00,27950.8,SL,-0.01,-0.012,-1.2,0.5343924760818481
2023-10-08 02:00:00,27999.1,SL,-0.01,-0.012,-1.2,0.5127429962158203
2023-10-09 03:00:00,27911.9,SL,-0.01,-0.012,-1.2,0.5889646410942078
2023-10-09 04:00:00,27916.6,SL,-0.01,-0.012,-1.2,0.6022421717643738
2023-10-09 05:00:00,27851.7,SL,-0.01,-0.012,-1.2,0.5707883238792419
2023-10-09 06:00:00,27890.9,SL,-0.01,-0.012,-1.2,0.5906541347503662
2023-10-10 07:00:00,27634.9,SL,-0.01,-0.012,-1.2,0.5463317036628723
2023-10-10 08:00:00,27663.7,SL,-0.01,-0.012,-1.2,0.5788257718086243
2023-10-11 03:00:00,27000.7,SL,-0.01,-0.012,-1.2,0.6085156798362732
2023-10-15 23:00:00,27139.8,TP,0.02,0.018000000000000002,1.8000000000000003,0.5289768576622009
2023-10-16 00:00:00,27129.0,TP,0.02,0.018000000000000002,1.8000000000000003,0.549445629119873
2023-10-16 01:00:00,27181.2,TP,0.02,0.018000000000000002,1.8000000000000003,0.5137010812759399
2023-10-16 02:00:00,27176.1,TP,0.02,0.018000000000000002,1.8000000000000003,0.6159759163856506
2023-10-16 03:00:00,27221.4,TP,0.02,0.018000000000000002,1.8000000000000003,0.5120639801025391
2023-10-16 04:00:00,27238.4,TP,0.02,0.018000000000000002,1.8000000000000003,0.5014545321464539
2023-10-16 09:00:00,27757.1,TP,0.02,0.018000000000000002,1.8000000000000003,0.5135782957077026
2023-10-16 11:00:00,27737.0,TP,0.02,0.018000000000000002,1.8000000000000003,0.5541866421699524
2023-10-16 13:00:00,27986.5,TP,0.02,0.018000000000000002,1.8000000000000003,0.565824031829834
2023-10-16 15:00:00,28054.0,TP,0.02,0.018000000000000002,1.8000000000000003,0.7042192816734314
2023-10-16 16:00:00,28078.2,TP,0.02,0.018000000000000002,1.8000000000000003,0.6619352698326111
2023-10-16 17:00:00,28219.0,TP,0.02,0.018000000000000002,1.8000000000000003,0.5292013883590698
2023-10-16 20:00:00,28390.8,SL,-0.01,-0.012,-1.2,0.6224982738494873
2023-10-16 21:00:00,28411.9,SL,-0.01,-0.012,-1.2,0.622279167175293
2023-10-16 22:00:00,28492.5,SL,-0.01,-0.012,-1.2,0.5334704518318176
2023-10-16 23:00:00,28486.3,SL,-0.01,-0.012,-1.2,0.5598008632659912
2023-10-17 01:00:00,28339.2,SL,-0.01,-0.012,-1.2,0.7213098406791687
2023-10-17 02:00:00,28358.3,SL,-0.01,-0.012,-1.2,0.6546035408973694
2023-10-19 09:00:00,28384.6,TP,0.02,0.018000000000000002,1.8000000000000003,0.6009180545806885
2023-10-19 10:00:00,28460.9,TP,0.02,0.018000000000000002,1.8000000000000003,0.641086220741272
2023-10-19 11:00:00,28436.0,TP,0.02,0.018000000000000002,1.8000000000000003,0.5368512868881226
2023-10-19 12:00:00,28460.6,TP,0.02,0.018000000000000002,1.8000000000000003,0.6840372085571289
2023-10-19 13:00:00,28463.4,TP,0.02,0.018000000000000002,1.8000000000000003,0.7053772807121277
2023-10-19 14:00:00,28665.6,TP,0.02,0.018000000000000002,1.8000000000000003,0.7126606106758118
2023-10-19 15:00:00,28659.5,TP,0.02,0.018000000000000002,1.8000000000000003,0.622627854347229
2023-10-20 13:00:00,29635.9,SL,-0.01,-0.012,-1.2,0.5141457319259644
2023-10-21 04:00:00,29540.4,TP,0.02,0.018000000000000002,1.8000000000000003,0.5112065672874451
2023-10-21 06:00:00,29688.7,TP,0.02,0.018000000000000002,1.8000000000000003,0.5450217723846436
2023-10-21 08:00:00,29652.2,TP,0.02,0.018000000000000002,1.8000000000000003,0.513999879360199
2023-10-21 10:00:00,29757.5,TP,0.02,0.018000000000000002,1.8000000000000003,0.5831503868103027
2023-10-21 12:00:00,29754.9,TP,0.02,0.018000000000000002,1.8000000000000003,0.5375810861587524
2023-10-21 13:00:00,29761.8,TP,0.02,0.018000000000000002,1.8000000000000003,0.5575435161590576
2023-10-22 22:00:00,30023.4,TP,0.02,0.018000000000000002,1.8000000000000003,0.6842911839485168
2023-10-22 23:00:00,29981.5,TP,0.02,0.018000000000000002,1.8000000000000003,0.6194596886634827
2023-10-23 00:00:00,30107.3,TP,0.02,0.018000000000000002,1.8000000000000003,0.5665194988250732
2023-10-23 01:00:00,30336.6,TP,0.02,0.018000000000000002,1.8000000000000003,0.6296501755714417
2023-10-23 02:00:00,30368.1,TP,0.02,0.018000000000000002,1.8000000000000003,0.5854565501213074
2023-10-23 08:00:00,30675.8,SL,-0.01,-0.012,-1.2,0.5057716965675354
2023-10-23 09:00:00,30466.9,TP,0.02,0.018000000000000002,1.8000000000000003,0.5497773885726929
2023-10-23 10:00:00,30546.6,TP,0.02,0.018000000000000002,1.8000000000000003,0.5150097012519836
2023-10-23 11:00:00,30644.4,TP,0.02,0.018000000000000002,1.8000000000000003,0.5586839914321899
2023-10-23 12:00:00,30648.9,TP,0.02,0.018000000000000002,1.8000000000000003,0.5052589178085327
2023-10-23 14:00:00,30762.7,SL,-0.01,-0.012,-1.2,0.5263134241104126
2023-10-23 23:00:00,33074.0,TP,0.02,0.018000000000000002,1.8000000000000003,0.6118980050086975
2023-10-24 03:00:00,34071.1,SL,-0.01,-0.012,-1.2,0.5639593601226807
2023-10-24 05:00:00,33902.4,TP,0.02,0.018000000000000002,1.8000000000000003,0.5919924974441528
2023-10-24 06:00:00,33979.6,TP,0.02,0.018000000000000002,1.8000000000000003,0.5427817106246948
2023-10-25 07:00:00,33853.4,TP,0.02,0.018000000000000002,1.8000000000000003,0.5549154281616211
2023-10-25 08:00:00,33944.3,TP,0.02,0.018000000000000002,1.8000000000000003,0.5366610288619995
2023-10-26 05:00:00,34518.7,SL,-0.01,-0.012,-1.2,0.5779435038566589
2023-10-26 09:00:00,34428.4,SL,-0.01,-0.012,-1.2,0.5139913558959961
2023-10-26 10:00:00,34277.2,SL,-0.01,-0.012,-1.2,0.5632565021514893
2023-10-26 11:00:00,34104.2,SL,-0.01,-0.012,-1.2,0.6376737952232361
2023-10-26 12:00:00,34250.9,SL,-0.01,-0.012,-1.2,0.606553316116333
2023-10-26 13:00:00,34167.4,SL,-0.01,-0.012,-1.2,0.6652740240097046
2023-10-26 14:00:00,34198.0,SL,-0.01,-0.012,-1.2,0.6358068585395813
2023-10-26 17:00:00,33960.0,SL,-0.01,-0.012,-1.2,0.614446222782135
2023-10-26 18:00:00,33987.0,SL,-0.01,-0.012,-1.2,0.549318790435791
2023-10-26 19:00:00,34052.1,SL,-0.01,-0.012,-1.2,0.6010016798973083
2023-10-26 20:00:00,34189.1,SL,-0.01,-0.012,-1.2,0.5444878339767456
2023-10-26 21:00:00,34124.7,SL,-0.01,-0.012,-1.2,0.6529926061630249
2023-10-26 22:00:00,34236.7,SL,-0.01,-0.012,-1.2,0.552442193031311
2023-10-26 23:00:00,34154.0,SL,-0.01,-0.012,-1.2,0.6232238411903381
2023-10-27 00:00:00,34020.0,SL,-0.01,-0.012,-1.2,0.5342040061950684
2023-10-27 01:00:00,33849.0,SL,-0.01,-0.012,-1.2,0.5040032267570496
2023-10-27 02:00:00,34093.0,SL,-0.01,-0.012,-1.2,0.5786720514297485
2023-10-27 03:00:00,34124.0,SL,-0.01,-0.012,-1.2,0.5997974276542664
2023-10-27 04:00:00,34099.1,SL,-0.01,-0.012,-1.2,0.5508244037628174
2023-10-27 05:00:00,34087.2,SL,-0.01,-0.012,-1.2,0.6734592914581299
2023-10-27 06:00:00,34242.4,SL,-0.01,-0.012,-1.2,0.728120744228363
2023-10-27 07:00:00,33954.0,SL,-0.01,-0.012,-1.2,0.5727209448814392
2023-10-27 08:00:00,34092.0,SL,-0.01,-0.012,-1.2,0.6466293931007385
2023-10-27 09:00:00,34165.4,SL,-0.01,-0.012,-1.2,0.6564815044403076
2023-10-27 10:00:00,34080.7,SL,-0.01,-0.012,-1.2,0.7326551675796509
2023-10-27 11:00:00,34055.3,SL,-0.01,-0.012,-1.2,0.7144847512245178
2023-10-27 12:00:00,34138.0,SL,-0.01,-0.012,-1.2,0.5734590291976929
2023-10-27 13:00:00,34167.3,SL,-0.01,-0.012,-1.2,0.6395549774169922
2023-10-28 23:00:00,34086.6,TP,0.02,0.018000000000000002,1.8000000000000003,0.6249497532844543
2023-10-29 00:00:00,34084.5,TP,0.02,0.018000000000000002,1.8000000000000003,0.518064558506012
2023-10-29 01:00:00,34010.5,TP,0.02,0.018000000000000002,1.8000000000000003,0.6216881275177002
2023-10-29 02:00:00,34037.9,TP,0.02,0.018000000000000002,1.8000000000000003,0.7501802444458008
2023-10-29 03:00:00,33981.0,TP,0.02,0.018000000000000002,1.8000000000000003,0.6702172756195068
2023-10-29 04:00:00,34024.5,TP,0.02,0.018000000000000002,1.8000000000000003,0.6656539440155029
2023-10-29 05:00:00,34038.0,TP,0.02,0.018000000000000002,1.8000000000000003,0.7665364146232605
2023-10-29 07:00:00,34086.0,TP,0.02,0.018000000000000002,1.8000000000000003,0.7050161361694336
2023-10-30 21:00:00,34541.9,SL,-0.01,-0.012,-1.2,0.5004633665084839
2023-11-03 16:00:00,34661.9,SL,-0.01,-0.012,-1.2,0.5024291276931763
2023-11-04 21:00:00,34798.3,SL,-0.01,-0.012,-1.2,0.5409097075462341
2023-11-09 07:00:00,36550.6,TP,0.02,0.018000000000000002,1.8000000000000003,0.5536184906959534
2023-11-09 16:00:00,36360.1,TP,0.02,0.018000000000000002,1.8000000000000003,0.597030520439148
2023-11-09 17:00:00,36649.8,SL,-0.01,-0.012,-1.2,0.5328715443611145
2023-11-09 18:00:00,36394.4,TP,0.02,0.018000000000000002,1.8000000000000003,0.5452488660812378
2023-11-13 01:00:00,37213.6,SL,-0.01,-0.012,-1.2,0.5361872911453247
2023-11-15 19:00:00,37527.4,SL,-0.01,-0.012,-1.2,0.580649733543396
2023-11-15 20:00:00,37546.5,SL,-0.01,-0.012,-1.2,0.5525592565536499
2023-11-15 21:00:00,37644.5,SL,-0.01,-0.012,-1.2,0.5254762768745422
2023-11-15 22:00:00,37736.3,SL,-0.01,-0.012,-1.2,0.5427957773208618
2023-11-24 06:00:00,37386.1,TP,0.02,0.018000000000000002,1.8000000000000003,0.5139806866645813
2023-11-24 07:00:00,37531.1,TP,0.02,0.018000000000000002,1.8000000000000003,0.5182203054428101
2023-11-25 16:00:00,37737.9,SL,-0.01,-0.012,-1.2,0.5482615828514099
2023-11-25 17:00:00,37765.6,SL,-0.01,-0.012,-1.2,0.5092837810516357
2023-11-25 18:00:00,37809.9,SL,-0.01,-0.012,-1.2,0.5328762531280518
2023-11-25 19:00:00,37805.9,SL,-0.01,-0.012,-1.2,0.5300253629684448
2023-11-25 20:00:00,37780.0,SL,-0.01,-0.012,-1.2,0.6154704689979553
2023-11-25 21:00:00,37780.9,SL,-0.01,-0.012,-1.2,0.5038655996322632
2023-11-25 22:00:00,37710.9,SL,-0.01,-0.012,-1.2,0.5498676300048828
2023-11-25 23:00:00,37766.6,SL,-0.01,-0.012,-1.2,0.6033647060394287
2023-11-26 00:00:00,37730.3,SL,-0.01,-0.012,-1.2,0.501937210559845
2023-11-26 02:00:00,37729.2,SL,-0.01,-0.012,-1.2,0.5040696263313293
2023-11-26 04:00:00,37752.1,SL,-0.01,-0.012,-1.2,0.5409108400344849
2023-11-26 05:00:00,37766.5,SL,-0.01,-0.012,-1.2,0.5125294923782349
2023-11-26 06:00:00,37781.9,SL,-0.01,-0.012,-1.2,0.6066691875457764
2023-11-26 07:00:00,37773.5,SL,-0.01,-0.012,-1.2,0.515842616558075
2023-11-26 08:00:00,37748.5,SL,-0.01,-0.012,-1.2,0.5027022957801819
2023-11-26 10:00:00,37689.1,SL,-0.01,-0.012,-1.2,0.5308767557144165
2023-11-26 11:00:00,37663.0,SL,-0.01,-0.012,-1.2,0.5299582481384277
2023-11-26 12:00:00,37611.9,SL,-0.01,-0.012,-1.2,0.5100972652435303
2023-11-27 21:00:00,37020.9,TP,0.02,0.018000000000000002,1.8000000000000003,0.5110878348350525
2023-12-02 07:00:00,38683.9,TP,0.02,0.018000000000000002,1.8000000000000003,0.5142865777015686
2023-12-02 08:00:00,38694.0,TP,0.02,0.018000000000000002,1.8000000000000003,0.539402186870575
2023-12-02 09:00:00,38757.5,TP,0.02,0.018000000000000002,1.8000000000000003,0.6008147597312927
2023-12-02 10:00:00,38735.7,TP,0.02,0.018000000000000002,1.8000000000000003,0.5177924036979675
2023-12-02 11:00:00,38722.8,TP,0.02,0.018000000000000002,1.8000000000000003,0.623003363609314
2023-12-02 12:00:00,38764.0,TP,0.02,0.018000000000000002,1.8000000000000003,0.5658169388771057
2023-12-02 13:00:00,38796.3,TP,0.02,0.018000000000000002,1.8000000000000003,0.5701951384544373
2023-12-02 15:00:00,38787.0,TP,0.02,0.018000000000000002,1.8000000000000003,0.5596794486045837
2023-12-02 18:00:00,38856.2,TP,0.02,0.018000000000000002,1.8000000000000003,0.6225950717926025
2023-12-04 09:00:00,41559.6,SL,-0.01,-0.012,-1.2,0.609739363193512
2023-12-04 11:00:00,41605.9,SL,-0.01,-0.012,-1.2,0.5991358160972595
2023-12-05 21:00:00,43907.0,SL,-0.01,-0.012,-1.2,0.5993248820304871
2023-12-05 23:00:00,44081.7,SL,-0.01,-0.012,-1.2,0.5357595086097717
2023-12-08 05:00:00,43458.6,TP,0.02,0.018000000000000002,1.8000000000000003,0.6277903914451599
2023-12-08 06:00:00,43393.3,TP,0.02,0.018000000000000002,1.8000000000000003,0.574679434299469
2023-12-08 07:00:00,43184.5,TP,0.02,0.018000000000000002,1.8000000000000003,0.5419195294380188
2023-12-08 08:00:00,43242.9,TP,0.02,0.018000000000000002,1.8000000000000003,0.5112767219543457
2023-12-08 10:00:00,43394.9,TP,0.02,0.018000000000000002,1.8000000000000003,0.6012194156646729
2023-12-08 13:00:00,43599.0,TP,0.02,0.018000000000000002,1.8000000000000003,0.5233467221260071
2023-12-10 05:00:00,43927.5,SL,-0.01,-0.012,-1.2,0.509006679058075
2023-12-10 06:00:00,43941.2,SL,-0.01,-0.012,-1.2,0.6813457608222961
2023-12-10 07:00:00,43995.8,SL,-0.01,-0.012,-1.2,0.5300755500793457
2023-12-10 12:00:00,43912.1,SL,-0.01,-0.012,-1.2,0.5583184957504272
2023-12-10 13:00:00,43871.4,SL,-0.01,-0.012,-1.2,0.6577103137969971
2023-12-10 14:00:00,43861.7,SL,-0.01,-0.012,-1.2,0.6273369789123535
2023-12-10 15:00:00,43945.4,SL,-0.01,-0.012,-1.2,0.6577685475349426
2023-12-10 16:00:00,43856.9,SL,-0.01,-0.012,-1.2,0.6446176767349243
2023-12-10 17:00:00,43851.5,SL,-0.01,-0.012,-1.2,0.6160503625869751
2023-12-10 18:00:00,43864.6,SL,-0.01,-0.012,-1.2,0.6335959434509277
2023-12-10 19:00:00,43819.5,SL,-0.01,-0.012,-1.2,0.5333157777786255
2023-12-10 20:00:00,43996.9,SL,-0.01,-0.012,-1.2,0.6446493268013
2023-12-22 23:00:00,43999.2,SL,-0.01,-0.012,-1.2,0.5908425450325012
2023-12-23 00:00:00,43843.0,TIME,-0.00744018429395792,-0.009440184293957921,-0.9440184293957921,0.5003031492233276
2023-12-27 10:00:00,43238.1,SL,-0.01,-0.012,-1.2,0.614866316318512
2023-12-29 22:00:00,41794.8,TP,0.02,0.018000000000000002,1.8000000000000003,0.5447092652320862
2023-12-29 23:00:00,42095.1,SL,-0.01,-0.012,-1.2,0.5777115821838379
2023-12-30 00:00:00,42131.4,SL,-0.01,-0.012,-1.2,0.5240468978881836
2024-01-01 20:00:00,43753.3,TP,0.02,0.018000000000000002,1.8000000000000003,0.5111161470413208
2024-01-02 01:00:00,44926.3,TP,0.02,0.018000000000000002,1.8000000000000003,0.6224253177642822
2024-01-02 03:00:00,45435.0,SL,-0.01,-0.012,-1.2,0.5752514004707336
2024-01-02 04:00:00,45211.7,SL,-0.01,-0.012,-1.2,0.6478001475334167
2024-01-02 05:00:00,45218.2,SL,-0.01,-0.012,-1.2,0.5100474953651428
2024-01-02 11:00:00,45486.8,SL,-0.01,-0.012,-1.2,0.5237959027290344
2024-01-02 12:00:00,45355.1,SL,-0.01,-0.012,-1.2,0.5218935012817383
2024-01-08 18:00:00,46970.2,SL,-0.01,-0.012,-1.2,0.5796416997909546
2024-01-08 19:00:00,47006.7,SL,-0.01,-0.012,-1.2,0.6672013998031616
2024-01-08 20:00:00,46796.1,SL,-0.01,-0.012,-1.2,0.7380647659301758
2024-01-08 21:00:00,47087.2,SL,-0.01,-0.012,-1.2,0.7055702805519104
2024-01-08 22:00:00,47011.2,SL,-0.01,-0.012,-1.2,0.776014506816864
2024-01-08 23:00:00,46972.7,SL,-0.01,-0.012,-1.2,0.6564886569976807
2024-01-09 00:00:00,46682.4,SL,-0.01,-0.012,-1.2,0.6951558589935303
2024-01-09 01:00:00,46574.9,SL,-0.01,-0.012,-1.2,0.5050574541091919
2024-01-15 17:00:00,42704.4,SL,-0.01,-0.012,-1.2,0.512015700340271
2024-01-15 21:00:00,42717.7,SL,-0.01,-0.012,-1.2,0.5042698979377747
2024-01-16 21:00:00,43427.5,SL,-0.01,-0.012,-1.2,0.5091937780380249
2024-01-22 12:00:00,40885.6,SL,-0.01,-0.012,-1.2,0.5139997005462646
2024-01-22 13:00:00,40941.9,SL,-0.01,-0.012,-1.2,0.5053980946540833
2024-01-26 11:00:00,41272.0,TP,0.02,0.018000000000000002,1.8000000000000003,0.5566615462303162
2024-01-28 00:00:00,41976.3,TP,0.02,0.018000000000000002,1.8000000000000003,0.6433669328689575
2024-02-03 17:00:00,43215.9,SL,-0.01,-0.012,-1.2,0.716302752494812
2024-02-03 19:00:00,43046.8,SL,-0.01,-0.012,-1.2,0.7031779885292053
2024-02-03 20:00:00,43047.4,SL,-0.01,-0.012,-1.2,0.699355959892273
2024-02-03 21:00:00,43030.0,SL,-0.01,-0.012,-1.2,0.5936049818992615
2024-02-03 22:00:00,43016.5,SL,-0.01,-0.012,-1.2,0.6556158661842346
2024-02-03 23:00:00,42992.4,SL,-0.01,-0.012,-1.2,0.7440572381019592
2024-02-04 00:00:00,42997.0,SL,-0.01,-0.012,-1.2,0.6754662990570068
2024-02-04 01:00:00,43026.8,SL,-0.01,-0.012,-1.2,0.6418325901031494
2024-02-04 02:00:00,43001.3,SL,-0.01,-0.012,-1.2,0.6305941343307495
2024-02-04 03:00:00,43015.7,SL,-0.01,-0.012,-1.2,0.545172393321991
2024-02-04 04:00:00,42902.0,SL,-0.01,-0.012,-1.2,0.605482816696167
2024-02-04 05:00:00,42875.0,SL,-0.01,-0.012,-1.2,0.5181545615196228
2024-02-04 06:00:00,42729.7,SL,-0.01,-0.012,-1.2,0.6215095520019531
2024-02-04 09:00:00,42920.8,SL,-0.01,-0.012,-1.2,0.5854960680007935
2024-02-04 10:00:00,42927.1,SL,-0.01,-0.012,-1.2,0.5608983635902405
2024-02-04 11:00:00,43041.6,SL,-0.01,-0.012,-1.2,0.5805988907814026
2024-02-04 12:00:00,42974.3,SL,-0.01,-0.012,-1.2,0.5496997833251953
2024-02-04 13:00:00,42977.2,SL,-0.01,-0.012,-1.2,0.5447829961776733
2024-02-04 14:00:00,42855.3,SL,-0.01,-0.012,-1.2,0.583733856678009
2024-02-04 15:00:00,42926.7,SL,-0.01,-0.012,-1.2,0.5163967609405518
2024-02-04 16:00:00,42903.9,SL,-0.01,-0.012,-1.2,0.5594443082809448
2024-02-04 17:00:00,42884.3,SL,-0.01,-0.012,-1.2,0.6833239793777466
2024-02-08 11:00:00,44677.9,TP,0.02,0.018000000000000002,1.8000000000000003,0.5655999779701233
2024-02-08 12:00:00,44676.9,TP,0.02,0.018000000000000002,1.8000000000000003,0.5229018926620483
2024-02-08 13:00:00,44971.7,TP,0.02,0.018000000000000002,1.8000000000000003,0.5454735159873962
2024-02-08 15:00:00,45406.3,SL,-0.01,-0.012,-1.2,0.5280542969703674
2024-02-10 12:00:00,47209.1,TP,0.02,0.018000000000000002,1.8000000000000003,0.5634636878967285
2024-02-10 13:00:00,47286.0,TP,0.02,0.018000000000000002,1.8000000000000003,0.5662216544151306
2024-02-10 16:00:00,47239.4,TP,0.02,0.018000000000000002,1.8000000000000003,0.5466465353965759
2024-02-10 18:00:00,47320.0,TP,0.02,0.018000000000000002,1.8000000000000003,0.5338401794433594
2024-02-12 14:00:00,48815.0,TP,0.02,0.018000000000000002,1.8000000000000003,0.5091543197631836
2024-02-13 03:00:00,49813.8,SL,-0.01,-0.012,-1.2,0.5152449011802673
2024-02-13 04:00:00,49922.5,SL,-0.01,-0.012,-1.2,0.5064327120780945
2024-02-14 13:00:00,51820.1,SL,-0.01,-0.012,-1.2,0.5452043414115906
2024-02-14 14:00:00,51939.9,SL,-0.01,-0.012,-1.2,0.580107569694519
2024-02-14 15:00:00,51616.4,TP,0.02,0.018000000000000002,1.8000000000000003,0.620242714881897
2024-02-17 04:00:00,52037.6,SL,-0.01,-0.012,-1.2,0.6343815326690674
2024-02-17 05:00:00,51948.4,SL,-0.01,-0.012,-1.2,0.5901194214820862
2024-02-17 06:00:00,51950.0,SL,-0.01,-0.012,-1.2,0.6677440404891968
2024-02-17 07:00:00,51933.9,SL,-0.01,-0.012,-1.2,0.6668503284454346
2024-02-17 11:00:00,51723.7,SL,-0.01,-0.012,-1.2,0.5348392128944397
2024-02-17 12:00:00,51749.8,SL,-0.01,-0.012,-1.2,0.590557873249054
2024-02-18 22:00:00,52285.4,SL,-0.01,-0.012,-1.2,0.5507850050926208
2024-02-25 20:00:00,51777.9,SL,-0.01,-0.012,-1.2,0.5286254286766052
2024-02-25 21:00:00,51802.4,SL,-0.01,-0.012,-1.2,0.5565701723098755
2024-02-26 07:00:00,51327.5,TP,0.02,0.018000000000000002,1.8000000000000003,0.5253790020942688
2024-02-26 20:00:00,54492.9,TP,0.02,0.018000000000000002,1.8000000000000003,0.6569094657897949
2024-02-26 21:00:00,54683.2,TP,0.02,0.018000000000000002,1.8000000000000003,0.6379652619361877
2024-02-26 22:00:00,54704.9,TP,0.02,0.018000000000000002,1.8000000000000003,0.6336716413497925
2024-02-26 23:00:00,54511.6,TP,0.02,0.018000000000000002,1.8000000000000003,0.7349575161933899
2024-02-27 00:00:00,54599.1,TP,0.02,0.018000000000000002,1.8000000000000003,0.6596639752388
2024-02-27 01:00:00,55857.4,TP,0.02,0.018000000000000002,1.8000000000000003,0.592845618724823
2024-02-27 02:00:00,56428.8,SL,-0.01,-0.012,-1.2,0.6021835207939148
2024-02-27 03:00:00,55774.3,TP,0.02,0.018000000000000002,1.8000000000000003,0.661450207233429
2024-02-27 04:00:00,55823.0,TP,0.02,0.018000000000000002,1.8000000000000003,0.6854144334793091
2024-02-27 05:00:00,56131.0,TP,0.02,0.018000000000000002,1.8000000000000003,0.7217227220535278
2024-02-27 06:00:00,56396.3,TP,0.02,0.018000000000000002,1.8000000000000003,0.599102795124054
2024-02-27 07:00:00,56100.0,TP,0.02,0.018000000000000002,1.8000000000000003,0.7033576369285583
2024-02-27 08:00:00,56294.3,TP,0.02,0.018000000000000002,1.8000000000000003,0.6812542676925659
2024-02-27 09:00:00,56660.4,TP,0.02,0.018000000000000002,1.8000000000000003,0.6789060235023499
2024-02-27 10:00:00,56563.5,TP,0.02,0.018000000000000002,1.8000000000000003,0.620216429233551
2024-02-27 11:00:00,56581.4,TP,0.02,0.018000000000000002,1.8000000000000003,0.7540524005889893
2024-02-27 12:00:00,56842.1,SL,-0.01,-0.012,-1.2,0.7037410736083984
2024-02-27 13:00:00,57160.9,SL,-0.01,-0.012,-1.2,0.6075984239578247
2024-02-27 14:00:00,57018.0,SL,-0.01,-0.012,-1.2,0.5945788025856018
2024-02-29 22:00:00,61290.5,TP,0.02,0.018000000000000002,1.8000000000000003,0.5558885335922241
2024-02-29 23:00:00,61203.3,TP,0.02,0.018000000000000002,1.8000000000000003,0.526077926158905
2024-03-01 01:00:00,61294.4,TP,0.02,0.018000000000000002,1.8000000000000003,0.5709746479988098
2024-03-01 02:00:00,61063.9,TP,0.02,0.018000000000000002,1.8000000000000003,0.573086142539978
2024-03-01 03:00:00,61183.4,TP,0.02,0.018000000000000002,1.8000000000000003,0.541062593460083
2024-03-01 05:00:00,61385.9,TP,0.02,0.018000000000000002,1.8000000000000003,0.524471640586853
2024-03-01 06:00:00,61625.8,TP,0.02,0.018000000000000002,1.8000000000000003,0.5241991281509399
2024-03-01 07:00:00,61485.8,TP,0.02,0.018000000000000002,1.8000000000000003,0.7131465077400208
2024-03-01 09:00:00,62200.1,SL,-0.01,-0.012,-1.2,0.5245508551597595
2024-03-01 10:00:00,62055.0,SL,-0.01,-0.012,-1.2,0.6396807432174683
2024-03-01 11:00:00,61927.7,SL,-0.01,-0.012,-1.2,0.7772089838981628
2024-03-01 15:00:00,61335.3,TP,0.02,0.018000000000000002,1.8000000000000003,0.6324653625488281
2024-03-01 16:00:00,61490.0,TP,0.02,0.018000000000000002,1.8000000000000003,0.6058517098426819
2024-03-02 08:00:00,62026.8,SL,-0.01,-0.012,-1.2,0.5622658133506775
2024-03-02 10:00:00,61988.9,SL,-0.01,-0.012,-1.2,0.5676320195198059
2024-03-02 12:00:00,62156.0,SL,-0.01,-0.012,-1.2,0.6457749009132385
2024-03-02 18:00:00,62099.9,SL,-0.01,-0.012,-1.2,0.642493486404419
2024-03-02 19:00:00,62185.3,SL,-0.01,-0.012,-1.2,0.7236533164978027
2024-03-02 21:00:00,61967.3,SL,-0.01,-0.012,-1.2,0.7046654224395752
2024-03-02 23:00:00,62039.9,SL,-0.01,-0.012,-1.2,0.6058284044265747
2024-03-03 00:00:00,61799.0,TP,0.02,0.018000000000000002,1.8000000000000003,0.536970853805542
2024-03-03 01:00:00,61856.9,TP,0.02,0.018000000000000002,1.8000000000000003,0.6158910393714905
2024-03-03 02:00:00,61867.9,TP,0.02,0.018000000000000002,1.8000000000000003,0.5358603596687317
2024-03-03 03:00:00,61997.1,SL,-0.01,-0.012,-1.2,0.6182495355606079
2024-03-03 04:00:00,62085.0,SL,-0.01,-0.012,-1.2,0.6528109312057495
2024-03-03 05:00:00,61954.8,TP,0.02,0.018000000000000002,1.8000000000000003,0.7295237183570862
2024-03-03 06:00:00,61927.2,TP,0.02,0.018000000000000002,1.8000000000000003,0.6661900877952576
2024-03-03 07:00:00,61641.0,TP,0.02,0.018000000000000002,1.8000000000000003,0.6209136843681335
2024-03-03 08:00:00,61662.3,TP,0.02,0.018000000000000002,1.8000000000000003,0.5520432591438293
2024-03-03 09:00:00,61782.2,TP,0.02,0.018000000000000002,1.8000000000000003,0.6021634936332703
2024-03-03 10:00:00,61724.0,TP,0.02,0.018000000000000002,1.8000000000000003,0.5993493795394897
2024-03-03 11:00:00,61900.0,TP,0.02,0.018000000000000002,1.8000000000000003,0.7057046890258789
2024-03-03 12:00:00,62244.1,TP,0.02,0.018000000000000002,1.8000000000000003,0.6578809022903442
2024-03-03 13:00:00,62450.0,TP,0.02,0.018000000000000002,1.8000000000000003,0.5005664825439453
2024-03-03 14:00:00,62145.4,TP,0.02,0.018000000000000002,1.8000000000000003,0.5475330948829651
2024-03-03 15:00:00,62210.7,TP,0.02,0.018000000000000002,1.8000000000000003,0.5215381383895874
2024-03-03 16:00:00,62901.8,TP,0.02,0.018000000000000002,1.8000000000000003,0.5039178729057312
2024-03-04 03:00:00,63523.9,TP,0.02,0.018000000000000002,1.8000000000000003,0.5356073379516602
2024-03-04 05:00:00,63406.1,TP,0.02,0.018000000000000002,1.8000000000000003,0.6665797829627991
2024-03-04 06:00:00,63745.5,TP,0.02,0.018000000000000002,1.8000000000000003,0.5349081158638
2024-03-04 08:00:00,65331.4,SL,-0.01,-0.012,-1.2,0.5317074656486511
2024-03-04 09:00:00,65383.7,SL,-0.01,-0.012,-1.2,0.675023078918457
2024-03-04 10:00:00,65153.9,TP,0.02,0.018000000000000002,1.8000000000000003,0.631366491317749
2024-03-04 11:00:00,65314.0,SL,-0.01,-0.012,-1.2,0.6133496761322021
2024-03-04 13:00:00,65173.2,TP,0.02,0.018000000000000002,1.8000000000000003,0.5014699101448059
2024-03-04 17:00:00,66935.9,SL,-0.01,-0.012,-1.2,0.511150598526001
2024-03-07 21:00:00,67301.7,TP,0.02,0.018000000000000002,1.8000000000000003,0.6305766105651855
2024-03-07 22:00:00,67153.3,TP,0.02,0.018000000000000002,1.8000000000000003,0.7084982395172119
2024-03-07 23:00:00,66870.0,TP,0.02,0.018000000000000002,1.8000000000000003,0.6274322867393494
2024-03-08 00:00:00,67130.8,TP,0.02,0.018000000000000002,1.8000000000000003,0.6184560656547546
2024-03-08 01:00:00,66998.9,TP,0.02,0.018000000000000002,1.8000000000000003,0.5723813772201538
2024-03-08 03:00:00,67219.9,TP,0.02,0.018000000000000002,1.8000000000000003,0.558470606803894
2024-03-08 04:00:00,67135.3,TP,0.02,0.018000000000000002,1.8000000000000003,0.5263439416885376
2024-03-09 11:00:00,68360.3,TP,0.02,0.018000000000000002,1.8000000000000003,0.530960202217102
2024-03-09 13:00:00,68400.3,TP,0.02,0.018000000000000002,1.8000000000000003,0.5584600567817688
2024-03-09 22:00:00,68412.7,TP,0.02,0.018000000000000002,1.8000000000000003,0.6128930449485779
2024-03-09 23:00:00,68360.1,TP,0.02,0.018000000000000002,1.8000000000000003,0.5568140149116516
2024-03-10 00:00:00,68399.9,TP,0.02,0.018000000000000002,1.8000000000000003,0.5611687302589417
2024-03-10 01:00:00,69029.7,SL,-0.01,-0.012,-1.2,0.620401918888092
2024-03-10 02:00:00,68886.2,SL,-0.01,-0.012,-1.2,0.570056140422821
2024-03-11 15:00:00,72061.4,SL,-0.01,-0.012,-1.2,0.5474122762680054
2024-03-11 19:00:00,72041.3,SL,-0.01,-0.012,-1.2,0.666247546672821
2024-03-12 02:00:00,72274.8,SL,-0.01,-0.012,-1.2,0.5051716566085815
2024-03-12 03:00:00,71673.4,TP,0.02,0.018000000000000002,1.8000000000000003,0.5048338770866394
2024-03-20 20:00:00,67092.2,SL,-0.01,-0.012,-1.2,0.6036245822906494
2024-03-20 22:00:00,67714.5,SL,-0.01,-0.012,-1.2,0.5226426720619202
2024-03-21 00:00:00,67696.2,SL,-0.01,-0.012,-1.2,0.5485825538635254
2024-03-21 03:00:00,66707.8,SL,-0.01,-0.012,-1.2,0.509539008140564
2024-03-25 16:00:00,70214.7,TP,0.02,0.018000000000000002,1.8000000000000003,0.5039397478103638
2024-03-25 23:00:00,69920.5,TP,0.02,0.018000000000000002,1.8000000000000003,0.5923173427581787
2024-03-26 00:00:00,69951.6,TP,0.02,0.018000000000000002,1.8000000000000003,0.5735282897949219
2024-03-26 01:00:00,70332.0,SL,-0.01,-0.012,-1.2,0.5609330534934998
2024-03-30 18:00:00,69979.8,TP,0.02,0.018000000000000002,1.8000000000000003,0.6408312320709229
2024-03-30 19:00:00,69944.7,TP,0.02,0.018000000000000002,1.8000000000000003,0.7106255888938904
2024-03-30 20:00:00,69859.8,TP,0.02,0.018000000000000002,1.8000000000000003,0.6838003396987915
2024-03-30 21:00:00,69775.1,TP,0.02,0.018000000000000002,1.8000000000000003,0.5671246647834778
2024-03-30 22:00:00,69780.1,TP,0.02,0.018000000000000002,1.8000000000000003,0.512566328048706
2024-03-30 23:00:00,69642.1,TP,0.02,0.018000000000000002,1.8000000000000003,0.5252726078033447
2024-03-31 22:00:00,71043.3,SL,-0.01,-0.012,-1.2,0.5778928995132446
2024-03-31 23:00:00,71363.0,SL,-0.01,-0.012,-1.2,0.5516366362571716
2024-04-01 00:00:00,71234.1,SL,-0.01,-0.012,-1.2,0.5056871771812439
2024-04-01 01:00:00,70885.1,SL,-0.01,-0.012,-1.2,0.5618789196014404
2024-04-01 02:00:00,70930.1,SL,-0.01,-0.012,-1.2,0.5033431053161621
2024-04-08 12:00:00,72242.3,SL,-0.01,-0.012,-1.2,0.5387424230575562
2024-04-15 18:00:00,63149.6,SL,-0.01,-0.012,-1.2,0.5400784015655518
2024-04-17 12:00:00,62286.4,SL,-0.01,-0.012,-1.2,0.5444389581680298
2024-04-22 03:00:00,65677.6,TP,0.02,0.018000000000000002,1.8000000000000003,0.503430187702179
2024-05-09 10:00:00,60789.9,TP,0.02,0.018000000000000002,1.8000000000000003,0.55044025182724
2024-05-13 08:00:00,62749.5,SL,-0.01,-0.012,-1.2,0.5786551237106323
2024-05-13 09:00:00,63028.3,SL,-0.01,-0.012,-1.2,0.521308958530426
2024-05-13 10:00:00,62642.0,SL,-0.01,-0.012,-1.2,0.5092262625694275
2024-05-15 12:00:00,63735.1,TP,0.02,0.018000000000000002,1.8000000000000003,0.5369957089424133
2024-05-15 19:00:00,65959.6,SL,-0.01,-0.012,-1.2,0.5099060535430908
2024-05-15 20:00:00,65901.0,SL,-0.01,-0.012,-1.2,0.5379931926727295
2024-05-18 19:00:00,66881.7,SL,-0.01,-0.012,-1.2,0.6306887269020081
2024-05-18 20:00:00,66934.0,SL,-0.01,-0.012,-1.2,0.5698974132537842
2024-05-18 21:00:00,66869.8,SL,-0.01,-0.012,-1.2,0.6845479607582092
2024-05-18 22:00:00,66890.0,SL,-0.01,-0.012,-1.2,0.6330674886703491
2024-05-18 23:00:00,66884.9,SL,-0.01,-0.012,-1.2,0.5684064030647278
2024-05-19 00:00:00,66882.9,SL,-0.01,-0.012,-1.2,0.6190075278282166
2024-05-19 01:00:00,66894.0,SL,-0.01,-0.012,-1.2,0.5388442277908325
2024-05-19 02:00:00,67174.5,SL,-0.01,-0.012,-1.2,0.5796294808387756
2024-05-19 03:00:00,67133.0,SL,-0.01,-0.012,-1.2,0.533869206905365
2024-05-19 04:00:00,67120.0,SL,-0.01,-0.012,-1.2,0.5661649107933044
2024-05-19 05:00:00,67069.5,SL,-0.01,-0.012,-1.2,0.6293153166770935
2024-05-19 06:00:00,66994.1,SL,-0.01,-0.012,-1.2,0.6750883460044861
2024-05-19 07:00:00,67295.0,SL,-0.01,-0.012,-1.2,0.625004768371582
2024-05-19 08:00:00,67124.3,SL,-0.01,-0.012,-1.2,0.5873867869377136
2024-05-19 09:00:00,67146.9,SL,-0.01,-0.012,-1.2,0.5731230974197388
2024-05-19 10:00:00,67246.9,SL,-0.01,-0.012,-1.2,0.5328691005706787
2024-05-19 11:00:00,67303.3,SL,-0.01,-0.012,-1.2,0.5894771814346313
2024-05-19 12:00:00,66799.0,SL,-0.01,-0.012,-1.2,0.6040397882461548
2024-05-20 19:00:00,69996.4,SL,-0.01,-0.012,-1.2,0.5591486692428589
2024-05-20 23:00:00,71466.5,SL,-0.01,-0.012,-1.2,0.5273543000221252
2024-05-21 01:00:00,71124.8,SL,-0.01,-0.012,-1.2,0.603692352771759
2024-05-21 02:00:00,71307.9,SL,-0.01,-0.012,-1.2,0.6427165865898132
2024-05-23 07:00:00,69770.6,SL,-0.01,-0.012,-1.2,0.5090102553367615
2024-05-23 08:00:00,69734.0,SL,-0.01,-0.012,-1.2,0.5510058403015137
2024-05-23 09:00:00,69687.6,SL,-0.01,-0.012,-1.2,0.5196869969367981
2024-05-23 10:00:00,69588.1,SL,-0.01,-0.012,-1.2,0.5651761889457703
2024-05-26 01:00:00,69180.6,SL,-0.01,-0.012,-1.2,0.5485738515853882
2024-06-04 13:00:00,69566.6,TP,0.02,0.018000000000000002,1.8000000000000003,0.5416092872619629
2024-06-06 10:00:00,71047.3,SL,-0.01,-0.012,-1.2,0.5572356581687927
2024-06-06 11:00:00,71219.2,SL,-0.01,-0.012,-1.2,0.5049120783805847
2024-06-06 12:00:00,71230.0,SL,-0.01,-0.012,-1.2,0.5097918510437012
2024-06-07 04:00:00,71251.3,SL,-0.01,-0.012,-1.2,0.5482690334320068
2024-06-07 05:00:00,71324.0,SL,-0.01,-0.012,-1.2,0.569313108921051
2024-06-07 06:00:00,71298.5,SL,-0.01,-0.012,-1.2,0.5512096881866455
2024-06-07 07:00:00,71147.9,SL,-0.01,-0.012,-1.2,0.5621821284294128
2024-06-07 08:00:00,71161.4,SL,-0.01,-0.012,-1.2,0.5879421234130859
2024-06-07 09:00:00,71332.5,SL,-0.01,-0.012,-1.2,0.597273588180542
2024-06-07 10:00:00,71404.9,SL,-0.01,-0.012,-1.2,0.6177423596382141
2024-06-07 11:00:00,71750.0,SL,-0.01,-0.012,-1.2,0.5162457227706909
2024-06-07 12:00:00,71274.0,SL,-0.01,-0.012,-1.2,0.5064212679862976
2024-06-12 12:00:00,69340.1,SL,-0.01,-0.012,-1.2,0.5583315491676331
2024-06-30 21:00:00,61931.6,TP,0.02,0.018000000000000002,1.8000000000000003,0.5038791298866272
2024-07-01 01:00:00,63631.9,SL,-0.01,-0.012,-1.2,0.5253341794013977
2024-07-01 02:00:00,63427.1,SL,-0.01,-0.012,-1.2,0.5682519674301147
2024-07-01 03:00:00,63416.4,SL,-0.01,-0.012,-1.2,0.5254806280136108
2024-07-08 09:00:00,57498.6,SL,-0.01,-0.012,-1.2,0.5324112772941589
2024-07-08 10:00:00,56800.0,SL,-0.01,-0.012,-1.2,0.5361809730529785
2024-07-08 19:00:00,56462.3,TP,0.02,0.018000000000000002,1.8000000000000003,0.5091690421104431
2024-07-08 20:00:00,56242.0,TP,0.02,0.018000000000000002,1.8000000000000003,0.5780486464500427
2024-07-08 21:00:00,56622.3,TP,0.02,0.018000000000000002,1.8000000000000003,0.515012800693512
2024-07-18 09:00:00,64831.7,SL,-0.01,-0.012,-1.2,0.5495775938034058
2024-07-19 14:00:00,65700.7,TP,0.02,0.018000000000000002,1.8000000000000003,0.5149924755096436
2024-07-19 15:00:00,65791.5,TP,0.02,0.018000000000000002,1.8000000000000003,0.5402730703353882
2024-07-21 12:00:00,66892.5,SL,-0.01,-0.012,-1.2,0.5767773985862732
2024-07-21 13:00:00,66731.9,SL,-0.01,-0.012,-1.2,0.5101543664932251
2024-07-27 11:00:00,68184.7,SL,-0.01,-0.012,-1.2,0.615970253944397
2024-07-27 12:00:00,68371.0,SL,-0.01,-0.012,-1.2,0.5526367425918579
2024-07-28 18:00:00,68206.7,TP,0.02,0.018000000000000002,1.8000000000000003,0.5343031287193298
2024-07-28 21:00:00,68000.0,TP,0.02,0.018000000000000002,1.8000000000000003,0.545447826385498
2024-07-28 22:00:00,67977.1,TP,0.02,0.018000000000000002,1.8000000000000003,0.5786222219467163
2024-07-28 23:00:00,68215.5,TP,0.02,0.018000000000000002,1.8000000000000003,0.5092713832855225
2024-08-02 22:00:00,61377.9,SL,-0.01,-0.012,-1.2,0.5119538903236389
2024-08-07 19:00:00,54739.9,TP,0.02,0.018000000000000002,1.8000000000000003,0.5712401270866394
2024-08-12 14:00:00,60265.3,SL,-0.01,-0.012,-1.2,0.5375924706459045
2024-08-12 22:00:00,59030.0,SL,-0.01,-0.012,-1.2,0.5097701549530029
2024-08-13 16:00:00,61121.0,SL,-0.01,-0.012,-1.2,0.5216537117958069
2024-08-25 09:00:00,63833.6,TP,0.02,0.018000000000000002,1.8000000000000003,0.5166937708854675
2024-08-25 11:00:00,63851.7,TP,0.02,0.018000000000000002,1.8000000000000003,0.5240722894668579
2024-08-25 12:00:00,63901.4,SL,-0.01,-0.012,-1.2,0.596635103225708
2024-08-25 13:00:00,64048.1,SL,-0.01,-0.012,-1.2,0.5150176882743835
2024-08-25 14:00:00,64122.3,SL,-0.01,-0.012,-1.2,0.5522148013114929
2024-08-25 15:00:00,64099.9,SL,-0.01,-0.012,-1.2,0.5836918354034424
2024-08-25 16:00:00,64007.7,SL,-0.01,-0.012,-1.2,0.5378416180610657
2024-08-25 17:00:00,64112.8,SL,-0.01,-0.012,-1.2,0.60924232006073
2024-08-25 18:00:00,64138.3,SL,-0.01,-0.012,-1.2,0.5856049656867981
2024-08-25 19:00:00,64152.2,SL,-0.01,-0.012,-1.2,0.5794260501861572
2024-08-25 20:00:00,64182.0,SL,-0.01,-0.012,-1.2,0.551520586013794
2024-08-25 21:00:00,64358.9,SL,-0.01,-0.012,-1.2,0.5221871137619019
2024-08-25 22:00:00,64444.8,SL,-0.01,-0.012,-1.2,0.6057461500167847
2024-08-25 23:00:00,64190.2,SL,-0.01,-0.012,-1.2,0.5270886421203613
2024-08-26 03:00:00,64089.5,SL,-0.01,-0.012,-1.2,0.5298411250114441
2024-08-26 04:00:00,64000.7,SL,-0.01,-0.012,-1.2,0.5152769684791565
2024-08-26 07:00:00,63603.2,SL,-0.01,-0.012,-1.2,0.516609787940979
2024-09-08 17:00:00,54470.0,TP,0.02,0.018000000000000002,1.8000000000000003,0.5303699374198914
2024-09-15 07:00:00,60166.8,SL,-0.01,-0.012,-1.2,0.5220076441764832
2024-09-15 13:00:00,60155.7,SL,-0.01,-0.012,-1.2,0.5488007664680481
2024-09-15 14:00:00,60242.6,SL,-0.01,-0.012,-1.2,0.5192180871963501
2024-09-15 15:00:00,60304.6,SL,-0.01,-0.012,-1.2,0.5243110060691833
2024-09-21 13:00:00,63158.2,SL,-0.01,-0.012,-1.2,0.5820009708404541
2024-09-21 14:00:00,63283.1,SL,-0.01,-0.012,-1.2,0.6634185910224915
2024-09-21 17:00:00,63255.1,SL,-0.01,-0.012,-1.2,0.5906793475151062
2024-09-21 18:00:00,63237.4,SL,-0.01,-0.012,-1.2,0.6280515193939209
2024-09-21 19:00:00,63174.2,SL,-0.01,-0.012,-1.2,0.5608705878257751
2024-09-21 20:00:00,63113.9,SL,-0.01,-0.012,-1.2,0.5817804932594299
2024-09-21 21:00:00,63068.7,SL,-0.01,-0.012,-1.2,0.618330180644989
2024-09-21 22:00:00,63195.8,SL,-0.01,-0.012,-1.2,0.6788251399993896
2024-09-21 23:00:00,63320.6,SL,-0.01,-0.012,-1.2,0.6430412530899048
2024-09-22 00:00:00,63200.0,SL,-0.01,-0.012,-1.2,0.5700007081031799
2024-09-22 01:00:00,63012.7,SL,-0.01,-0.012,-1.2,0.5628376603126526
2024-09-22 22:00:00,63856.6,SL,-0.01,-0.012,-1.2,0.5458173751831055
2024-09-24 07:00:00,63527.8,SL,-0.01,-0.012,-1.2,0.524379312992096
2024-09-29 23:00:00,65568.1,SL,-0.01,-0.012,-1.2,0.5384626984596252
2024-10-06 00:00:00,61892.0,TP,0.02,0.018000000000000002,1.8000000000000003,0.5207794904708862
2024-10-06 01:00:00,62053.5,TP,0.02,0.018000000000000002,1.8000000000000003,0.5026785135269165
2024-10-06 02:00:00,61933.0,TP,0.02,0.018000000000000002,1.8000000000000003,0.5096083879470825
2024-10-06 05:00:00,61913.0,TP,0.02,0.018000000000000002,1.8000000000000003,0.5356435179710388
2024-10-06 06:00:00,61932.0,TP,0.02,0.018000000000000002,1.8000000000000003,0.5235805511474609
2024-10-06 08:00:00,61961.6,TP,0.02,0.018000000000000002,1.8000000000000003,0.5880882143974304
2024-10-06 09:00:00,62036.3,TP,0.02,0.018000000000000002,1.8000000000000003,0.5258955359458923
2024-10-06 22:00:00,62583.4,TP,0.02,0.018000000000000002,1.8000000000000003,0.529450535774231
2024-10-09 13:00:00,61778.5,SL,-0.01,-0.012,-1.2,0.5137879848480225
2024-10-10 16:00:00,60277.7,SL,-0.01,-0.012,-1.2,0.5203461647033691
2024-10-11 19:00:00,63042.4,TIME,-0.006567008870220677,-0.008567008870220678,-0.8567008870220677,0.5187711119651794
2024-10-12 20:00:00,63006.2,SL,-0.01,-0.012,-1.2,0.512951135635376
2024-10-13 01:00:00,62846.0,SL,-0.01,-0.012,-1.2,0.5102324485778809
2024-10-13 02:00:00,62839.3,SL,-0.01,-0.012,-1.2,0.51943439245224
2024-10-13 06:00:00,62838.7,SL,-0.01,-0.012,-1.2,0.5590893030166626
2024-10-13 07:00:00,62819.0,SL,-0.01,-0.012,-1.2,0.5461204648017883
2024-10-13 08:00:00,62785.7,SL,-0.01,-0.012,-1.2,0.5775558948516846
2024-10-13 09:00:00,62799.1,SL,-0.01,-0.012,-1.2,0.6105252504348755
2024-10-13 10:00:00,62669.9,SL,-0.01,-0.012,-1.2,0.640399694442749
2024-10-13 14:00:00,62222.0,TP,0.02,0.018000000000000002,1.8000000000000003,0.6139457821846008
2024-10-13 16:00:00,62594.0,TP,0.02,0.018000000000000002,1.8000000000000003,0.5629048347473145
2024-10-13 17:00:00,62489.6,TP,0.02,0.018000000000000002,1.8000000000000003,0.5013522505760193
2024-10-14 03:00:00,64281.6,TP,0.02,0.018000000000000002,1.8000000000000003,0.6463478207588196
2024-10-14 04:00:00,64115.9,TP,0.02,0.018000000000000002,1.8000000000000003,0.5373967885971069
2024-10-15 13:00:00,67646.7,SL,-0.01,-0.012,-1.2,0.5749351382255554
2024-10-20 14:00:00,68622.1,SL,-0.01,-0.012,-1.2,0.5193535089492798
2024-10-20 20:00:00,68764.0,SL,-0.01,-0.012,-1.2,0.6008809208869934
2024-10-20 22:00:00,69132.4,SL,-0.01,-0.012,-1.2,0.6051564812660217
2024-10-31 11:00:00,72213.3,SL,-0.01,-0.012,-1.2,0.5624966621398926
2024-10-31 12:00:00,72106.1,SL,-0.01,-0.012,-1.2,0.5558449625968933
2024-11-03 21:00:00,69139.8,SL,-0.01,-0.012,-1.2,0.5004963278770447
2024-11-06 04:00:00,74276.3,SL,-0.01,-0.012,-1.2,0.576217532157898
2024-11-09 08:00:00,76540.0,SL,-0.01,-0.012,-1.2,0.5482884645462036
2024-11-09 09:00:00,76545.2,SL,-0.01,-0.012,-1.2,0.6319685578346252
2024-11-09 10:00:00,76451.4,SL,-0.01,-0.012,-1.2,0.6595956683158875
2024-11-09 11:00:00,76478.6,SL,-0.01,-0.012,-1.2,0.6702374219894409
2024-11-09 12:00:00,76269.5,TP,0.02,0.018000000000000002,1.8000000000000003,0.5809410810470581
2024-11-09 13:00:00,76406.4,TP,0.02,0.018000000000000002,1.8000000000000003,0.5778793096542358
2024-11-09 14:00:00,76345.1,TP,0.02,0.018000000000000002,1.8000000000000003,0.6933335661888123
2024-11-09 15:00:00,76305.7,TP,0.02,0.018000000000000002,1.8000000000000003,0.7293365597724915
2024-11-09 16:00:00,76065.9,TP,0.02,0.018000000000000002,1.8000000000000003,0.6559313535690308
2024-11-09 17:00:00,76210.7,TP,0.02,0.018000000000000002,1.8000000000000003,0.5859982967376709
2024-11-09 18:00:00,76337.8,TP,0.02,0.018000000000000002,1.8000000000000003,0.5549729466438293
2024-11-09 19:00:00,76195.2,TP,0.02,0.018000000000000002,1.8000000000000003,0.579266369342804
2024-11-09 20:00:00,76271.8,TP,0.02,0.018000000000000002,1.8000000000000003,0.5979377627372742
2024-11-09 21:00:00,76431.1,TP,0.02,0.018000000000000002,1.8000000000000003,0.5358923077583313
2024-11-09 22:00:00,76510.6,TP,0.02,0.018000000000000002,1.8000000000000003,0.5219928026199341
2024-11-10 04:00:00,79273.7,TP,0.02,0.018000000000000002,1.8000000000000003,0.6070188879966736
2024-11-10 20:00:00,79015.5,TP,0.02,0.018000000000000002,1.8000000000000003,0.5185236930847168
2024-11-13 03:00:00,87198.2,SL,-0.01,-0.012,-1.2,0.6557078957557678
2024-11-13 04:00:00,87221.2,SL,-0.01,-0.012,-1.2,0.6117597222328186
2024-11-13 05:00:00,86603.5,TP,0.02,0.018000000000000002,1.8000000000000003,0.770664393901825
2024-11-13 06:00:00,86550.0,TP,0.02,0.018000000000000002,1.8000000000000003,0.6664913296699524
2024-11-13 07:00:00,87402.9,TP,0.02,0.018000000000000002,1.8000000000000003,0.60407555103302
2024-11-13 08:00:00,87287.6,TP,0.02,0.018000000000000002,1.8000000000000003,0.6011693477630615
2024-11-14 15:00:00,88000.0,TP,0.02,0.018000000000000002,1.8000000000000003,0.5094500184059143
2024-11-15 18:00:00,89423.0,TP,0.02,0.018000000000000002,1.8000000000000003,0.5318400859832764
2024-11-16 06:00:00,91243.8,SL,-0.01,-0.012,-1.2,0.5174862146377563
2024-11-16 07:00:00,91173.3,SL,-0.01,-0.012,-1.2,0.5551692843437195
2024-11-16 10:00:00,91437.3,SL,-0.01,-0.012,-1.2,0.5915811657905579
2024-11-16 12:00:00,90948.5,SL,-0.01,-0.012,-1.2,0.5417439341545105
2024-11-16 13:00:00,90812.6,SL,-0.01,-0.012,-1.2,0.5378702282905579
2024-11-16 14:00:00,91031.5,SL,-0.01,-0.012,-1.2,0.6201438903808594
2024-11-16 17:00:00,90967.2,SL,-0.01,-0.012,-1.2,0.54642254114151
2024-11-16 20:00:00,90812.7,SL,-0.01,-0.012,-1.2,0.5929068922996521
2024-11-16 21:00:00,91061.5,SL,-0.01,-0.012,-1.2,0.6301199197769165
2024-11-16 22:00:00,90379.5,SL,-0.01,-0.012,-1.2,0.5852278470993042
2024-11-16 23:00:00,90643.3,SL,-0.01,-0.012,-1.2,0.559340238571167
2024-11-17 00:00:00,90874.0,SL,-0.01,-0.012,-1.2,0.643329918384552
2024-11-23 05:00:00,98790.3,SL,-0.01,-0.012,-1.2,0.5324929356575012
2024-11-23 06:00:00,98749.9,SL,-0.01,-0.012,-1.2,0.5052086114883423
2024-11-23 07:00:00,98600.6,SL,-0.01,-0.012,-1.2,0.6297374367713928
2024-11-23 08:00:00,98495.7,SL,-0.01,-0.012,-1.2,0.6442386507987976
2024-11-23 09:00:00,98502.0,SL,-0.01,-0.012,-1.2,0.7771516442298889
2024-11-23 10:00:00,98467.9,SL,-0.01,-0.012,-1.2,0.7762061953544617
2024-11-23 11:00:00,98470.8,SL,-0.01,-0.012,-1.2,0.7539263963699341
2024-11-23 12:00:00,98670.9,SL,-0.01,-0.012,-1.2,0.7151592969894409
2024-11-23 13:00:00,98587.9,SL,-0.01,-0.012,-1.2,0.7614172697067261
2024-11-23 14:00:00,98805.6,SL,-0.01,-0.012,-1.2,0.7803271412849426
2024-11-23 15:00:00,98426.0,SL,-0.01,-0.012,-1.2,0.7450554966926575
2024-11-23 16:00:00,97751.5,SL,-0.01,-0.012,-1.2,0.646015465259552
2024-11-23 17:00:00,97958.9,SL,-0.01,-0.012,-1.2,0.6763797402381897
2024-11-23 18:00:00,97893.3,SL,-0.01,-0.012,-1.2,0.7138969302177429
2024-11-23 19:00:00,97562.4,SL,-0.01,-0.012,-1.2,0.5314781665802002
2024-11-23 20:00:00,97764.4,SL,-0.01,-0.012,-1.2,0.5985506772994995
2024-11-23 21:00:00,98011.7,SL,-0.01,-0.012,-1.2,0.6324487328529358
2024-12-04 20:00:00,98803.5,SL,-0.01,-0.012,-1.2,0.5214471817016602
2024-12-05 04:00:00,103459.2,SL,-0.01,-0.012,-1.2,0.5255140662193298
2024-12-05 10:00:00,102388.0,SL,-0.01,-0.012,-1.2,0.5153704881668091
2024-12-08 02:00:00,100225.8,SL,-0.01,-0.012,-1.2,0.5102517604827881
2024-12-13 01:00:00,99290.0,TP,0.02,0.018000000000000002,1.8000000000000003,0.5237711668014526
2024-12-20 09:00:00,94812.0,SL,-0.01,-0.012,-1.2,0.6385905146598816
2024-12-22 04:00:00,96062.1,SL,-0.01,-0.012,-1.2,0.6768762469291687
2024-12-22 14:00:00,95330.0,SL,-0.01,-0.012,-1.2,0.5203054547309875
2024-12-23 18:00:00,92707.3,TP,0.02,0.018000000000000002,1.8000000000000003,0.5343320965766907
2024-12-29 18:00:00,93612.0,SL,-0.01,-0.012,-1.2,0.5257154703140259
2024-12-30 17:00:00,93800.0,SL,-0.01,-0.012,-1.2,0.5469561815261841
2024-12-31 03:00:00,92481.5,TP,0.02,0.018000000000000002,1.8000000000000003,0.5167632102966309
2025-01-03 11:00:00,96710.5,TP,0.02,0.018000000000000002,1.8000000000000003,0.501090943813324
2025-01-03 12:00:00,96615.4,TP,0.02,0.018000000000000002,1.8000000000000003,0.5379162430763245
2025-01-03 13:00:00,96464.1,TP,0.02,0.018000000000000002,1.8000000000000003,0.5251904129981995
2025-01-03 14:00:00,96970.4,TP,0.02,0.018000000000000002,1.8000000000000003,0.6111887097358704
2025-01-06 14:00:00,100702.1,TP,0.02,0.018000000000000002,1.8000000000000003,0.5884038805961609
2025-01-06 15:00:00,102104.5,SL,-0.01,-0.012,-1.2,0.5598753690719604
2025-01-06 19:00:00,101771.7,SL,-0.01,-0.012,-1.2,0.5222249627113342
2025-01-06 20:00:00,102075.5,SL,-0.01,-0.012,-1.2,0.50135338306427
2025-01-14 16:00:00,95703.8,TP,0.02,0.018000000000000002,1.8000000000000003,0.520073652267456
2025-01-18 03:00:00,103531.1,SL,-0.01,-0.012,-1.2,0.5217845439910889
2025-01-18 04:00:00,103561.4,SL,-0.01,-0.012,-1.2,0.5193776488304138
2025-01-26 18:00:00,105143.8,SL,-0.01,-0.012,-1.2,0.5121457576751709
2025-01-26 22:00:00,104273.9,SL,-0.01,-0.012,-1.2,0.644439160823822
2025-01-28 00:00:00,101812.5,SL,-0.01,-0.012,-1.2,0.5030399560928345
2025-02-02 16:00:00,98222.2,SL,-0.01,-0.012,-1.2,0.523075520992279
2025-02-05 19:00:00,97327.1,SL,-0.01,-0.012,-1.2,0.5137500762939453
2025-02-05 22:00:00,96412.9,TP,0.02,0.018000000000000002,1.8000000000000003,0.5077584385871887
2025-02-06 01:00:00,97116.1,TP,0.02,0.018000000000000002,1.8000000000000003,0.5078031420707703
2025-02-06 02:00:00,97313.7,SL,-0.01,-0.012,-1.2,0.5475147366523743
2025-02-14 17:00:00,98487.8,SL,-0.01,-0.012,-1.2,0.5682356953620911
2025-02-15 23:00:00,97538.0,SL,-0.01,-0.012,-1.2,0.5345913767814636
2025-02-17 21:00:00,96375.6,SL,-0.01,-0.012,-1.2,0.5153299570083618
2025-02-17 22:00:00,95845.8,SL,-0.01,-0.012,-1.2,0.5387155413627625
2025-02-18 01:00:00,96240.0,SL,-0.01,-0.012,-1.2,0.6113060116767883
2025-02-18 12:00:00,96155.0,SL,-0.01,-0.012,-1.2,0.5027647614479065
2025-02-18 16:00:00,94595.0,SL,-0.01,-0.012,-1.2,0.5088496208190918
2025-02-21 04:00:00,98164.8,SL,-0.01,-0.012,-1.2,0.5576906800270081
2025-02-21 07:00:00,98130.0,SL,-0.01,-0.012,-1.2,0.57572340965271
2025-02-21 08:00:00,98167.0,SL,-0.01,-0.012,-1.2,0.6468076109886169
2025-02-21 11:00:00,98579.7,SL,-0.01,-0.012,-1.2,0.5196969509124756
2025-03-02 18:00:00,92750.4,TP,0.02,0.018000000000000002,1.8000000000000003,0.6198899745941162
2025-03-02 22:00:00,94185.2,SL,-0.01,-0.012,-1.2,0.5069422125816345
2025-03-02 23:00:00,94222.8,SL,-0.01,-0.012,-1.2,0.6012282371520996
2025-03-03 00:00:00,93270.8,SL,-0.01,-0.012,-1.2,0.7148155570030212
2025-03-03 01:00:00,93037.1,SL,-0.01,-0.012,-1.2,0.6201930046081543
2025-03-03 02:00:00,93255.6,SL,-0.01,-0.012,-1.2,0.6181162595748901
2025-03-03 03:00:00,92660.0,SL,-0.01,-0.012,-1.2,0.5355427265167236
2025-03-03 05:00:00,93290.8,SL,-0.01,-0.012,-1.2,0.504472553730011
2025-03-03 06:00:00,91608.1,TP,0.02,0.018000000000000002,1.8000000000000003,0.5226435661315918
2025-03-03 07:00:00,92318.0,SL,-0.01,-0.012,-1.2,0.5178060531616211
2025-03-03 08:00:00,91440.6,TP,0.02,0.018000000000000002,1.8000000000000003,0.502661943435669
2025-03-10 10:00:00,82239.5,SL,-0.01,-0.012,-1.2,0.5159212350845337
2025-03-10 13:00:00,81505.0,SL,-0.01,-0.012,-1.2,0.5075812935829163
2025-03-10 16:00:00,78981.3,SL,-0.01,-0.012,-1.2,0.5458929538726807
2025-03-10 18:00:00,77620.7,TP,0.02,0.018000000000000002,1.8000000000000003,0.5251017212867737
2025-03-15 14:00:00,84108.3,SL,-0.01,-0.012,-1.2,0.5165721774101257
2025-03-16 02:00:00,83921.9,SL,-0.01,-0.012,-1.2,0.5079838037490845
2025-03-16 04:00:00,84365.8,SL,-0.01,-0.012,-1.2,0.5308711528778076
2025-03-16 05:00:00,84350.3,SL,-0.01,-0.012,-1.2,0.5839908719062805
2025-03-16 06:00:00,84188.0,SL,-0.01,-0.012,-1.2,0.5583811402320862
2025-03-16 08:00:00,84221.0,SL,-0.01,-0.012,-1.2,0.5368088483810425
2025-03-16 10:00:00,83626.9,SL,-0.01,-0.012,-1.2,0.529938817024231
2025-03-23 17:00:00,84973.2,TP,0.02,0.018000000000000002,1.8000000000000003,0.5078988075256348
2025-03-24 04:00:00,86794.9,TP,0.02,0.018000000000000002,1.8000000000000003,0.536137580871582
2025-03-24 19:00:00,88162.3,SL,-0.01,-0.012,-1.2,0.5611451864242554
2025-04-08 16:00:00,77393.5,SL,-0.01,-0.012,-1.2,0.5225571393966675
2025-04-08 23:00:00,76297.9,SL,-0.01,-0.012,-1.2,0.5678242444992065
2025-04-09 18:00:00,81758.0,TP,0.02,0.018000000000000002,1.8000000000000003,0.5704764127731323
2025-04-09 23:00:00,82588.0,SL,-0.01,-0.012,-1.2,0.5504744648933411
2025-04-19 14:00:00,85362.8,SL,-0.01,-0.012,-1.2,0.5704125165939331
2025-04-19 15:00:00,85146.3,SL,-0.01,-0.012,-1.2,0.6393062472343445
2025-04-19 16:00:00,84800.0,SL,-0.01,-0.012,-1.2,0.5299054980278015
2025-04-19 22:00:00,85217.1,SL,-0.01,-0.012,-1.2,0.5408978462219238
2025-04-19 23:00:00,85046.9,SL,-0.01,-0.012,-1.2,0.5404303073883057
2025-04-20 00:00:00,85126.0,SL,-0.01,-0.012,-1.2,0.5660512447357178
2025-04-20 01:00:00,85267.6,SL,-0.01,-0.012,-1.2,0.5651071667671204
2025-04-20 02:00:00,85190.0,SL,-0.01,-0.012,-1.2,0.6113499402999878
2025-04-20 03:00:00,85116.6,SL,-0.01,-0.012,-1.2,0.5778586864471436
2025-04-20 04:00:00,85140.4,SL,-0.01,-0.012,-1.2,0.5463652610778809
2025-04-20 05:00:00,85040.8,SL,-0.01,-0.012,-1.2,0.586838960647583
2025-04-20 06:00:00,84910.0,SL,-0.01,-0.012,-1.2,0.5905959606170654
2025-04-20 07:00:00,84736.5,TP,0.02,0.018000000000000002,1.8000000000000003,0.5149086713790894
2025-04-20 08:00:00,84604.7,TP,0.02,0.018000000000000002,1.8000000000000003,0.7305670976638794
2025-04-20 09:00:00,84500.0,TP,0.02,0.018000000000000002,1.8000000000000003,0.5821431875228882
2025-04-20 14:00:00,84584.6,TP,0.02,0.018000000000000002,1.8000000000000003,0.5202459692955017
2025-04-21 00:00:00,86600.0,TP,0.02,0.018000000000000002,1.8000000000000003,0.6250967979431152
2025-04-21 01:00:00,87248.9,SL,-0.01,-0.012,-1.2,0.5645681023597717
2025-04-21 02:00:00,87310.8,SL,-0.01,-0.012,-1.2,0.5012446045875549
2025-04-22 16:00:00,90626.2,TP,0.02,0.018000000000000002,1.8000000000000003,0.5397897958755493
2025-04-22 19:00:00,91356.4,TP,0.02,0.018000000000000002,1.8000000000000003,0.516696035861969
2025-04-23 00:00:00,92858.2,TP,0.02,0.018000000000000002,1.8000000000000003,0.5549101829528809
2025-04-24 00:00:00,93312.3,SL,-0.01,-0.012,-1.2,0.5059790015220642
2025-04-24 02:00:00,93053.1,SL,-0.01,-0.012,-1.2,0.5546833872795105
2025-04-24 04:00:00,92706.2,SL,-0.01,-0.012,-1.2,0.5102982521057129
2025-04-24 05:00:00,92544.7,SL,-0.01,-0.012,-1.2,0.589865505695343
2025-04-24 22:00:00,93387.8,TP,0.02,0.018000000000000002,1.8000000000000003,0.582149088382721
2025-04-26 22:00:00,94733.7,SL,-0.01,-0.012,-1.2,0.5723875164985657
2025-04-27 00:00:00,94825.2,SL,-0.01,-0.012,-1.2,0.5946829915046692
2025-04-27 07:00:00,94027.6,SL,-0.01,-0.012,-1.2,0.544001579284668
2025-04-27 09:00:00,94113.3,SL,-0.01,-0.012,-1.2,0.6156083345413208
2025-04-27 10:00:00,94009.5,SL,-0.01,-0.012,-1.2,0.5734437704086304
2025-04-27 11:00:00,93871.1,SL,-0.01,-0.012,-1.2,0.5684977769851685
2025-04-27 12:00:00,93696.2,SL,-0.01,-0.012,-1.2,0.5172022581100464
2025-04-27 13:00:00,94012.4,SL,-0.01,-0.012,-1.2,0.5726209282875061
2025-04-30 09:00:00,94923.6,SL,-0.01,-0.012,-1.2,0.5318544507026672
2025-04-30 10:00:00,94901.9,SL,-0.01,-0.012,-1.2,0.5271793007850647
2025-04-30 11:00:00,95126.5,SL,-0.01,-0.012,-1.2,0.608246922492981
2025-04-30 12:00:00,94499.1,SL,-0.01,-0.012,-1.2,0.5350230932235718
2025-05-03 13:00:00,96287.9,SL,-0.01,-0.012,-1.2,0.5820025205612183
2025-05-03 14:00:00,96314.7,SL,-0.01,-0.012,-1.2,0.554317057132721
2025-05-03 15:00:00,96358.7,SL,-0.01,-0.012,-1.2,0.5874366164207458
2025-05-03 16:00:00,96150.0,SL,-0.01,-0.012,-1.2,0.5568324327468872
2025-05-03 17:00:00,96145.0,SL,-0.01,-0.012,-1.2,0.5555552244186401
2025-05-06 23:00:00,96798.9,SL,-0.01,-0.012,-1.2,0.5087760090827942
2025-05-07 13:00:00,96967.7,SL,-0.01,-0.012,-1.2,0.5001895427703857
2025-05-07 14:00:00,96884.7,SL,-0.01,-0.012,-1.2,0.5030239224433899
2025-05-14 10:00:00,103663.5,SL,-0.01,-0.012,-1.2,0.5004249215126038
2025-05-14 11:00:00,103903.4,SL,-0.01,-0.012,-1.2,0.5430445671081543
2025-05-14 12:00:00,103950.0,SL,-0.01,-0.012,-1.2,0.532057523727417
2025-05-15 05:00:00,102325.6,SL,-0.01,-0.012,-1.2,0.506523609161377
2025-05-18 13:00:00,104708.2,SL,-0.01,-0.012,-1.2,0.5342791676521301
2025-05-18 14:00:00,105233.0,SL,-0.01,-0.012,-1.2,0.536178469657898
2025-05-18 15:00:00,105484.2,SL,-0.01,-0.012,-1.2,0.5082646608352661
2025-05-18 16:00:00,105789.2,SL,-0.01,-0.012,-1.2,0.5794159770011902
2025-05-23 03:00:00,111044.0,SL,-0.01,-0.012,-1.2,0.6058864593505859
2025-05-23 05:00:00,110810.3,SL,-0.01,-0.012,-1.2,0.5009747743606567
2025-05-23 07:00:00,110685.2,SL,-0.01,-0.012,-1.2,0.5061278939247131
2025-05-23 08:00:00,110890.0,SL,-0.01,-0.012,-1.2,0.6495716571807861
2025-05-23 09:00:00,111282.1,SL,-0.01,-0.012,-1.2,0.7098233699798584
2025-05-23 10:00:00,111012.5,SL,-0.01,-0.012,-1.2,0.7095905542373657
2025-06-08 19:00:00,106242.6,TP,0.02,0.018000000000000002,1.8000000000000003,0.5105722546577454
2025-06-09 09:00:00,106562.0,TP,0.02,0.018000000000000002,1.8000000000000003,0.519137978553772
2025-06-09 10:00:00,107136.3,TP,0.02,0.018000000000000002,1.8000000000000003,0.5717454552650452
2025-06-09 12:00:00,107695.6,TP,0.02,0.018000000000000002,1.8000000000000003,0.5062983632087708
2025-06-10 12:00:00,109644.6,SL,-0.01,-0.012,-1.2,0.529086172580719
2025-06-19 23:00:00,104607.1,SL,-0.01,-0.012,-1.2,0.5064697265625
2025-06-29 11:00:00,108448.3,SL,-0.01,-0.012,-1.2,0.5673426985740662
2025-06-30 14:00:00,106764.5,SL,-0.01,-0.012,-1.2,0.5107765793800354
2025-07-02 14:00:00,108096.5,TP,0.02,0.018000000000000002,1.8000000000000003,0.5313552618026733
2025-07-04 07:00:00,108661.0,TIME,-0.0007638435133120439,-0.002763843513312044,-0.2763843513312044,0.5638669729232788
2025-07-06 17:00:00,108865.1,TIME,-0.0026408830745574107,-0.004640883074557411,-0.4640883074557411,0.560353696346283
2025-07-06 21:00:00,109161.8,TIME,-0.00606256034620172,-0.00806256034620172,-0.8062560346201719,0.505630373954773
2025-07-07 00:00:00,108778.6,TIME,-0.000954231806623756,-0.002954231806623756,-0.2954231806623756,0.5001233816146851
2025-07-07 01:00:00,108966.0,TIME,-0.0032468843492465807,-0.005246884349246581,-0.5246884349246581,0.5773469805717468
2025-07-07 02:00:00,109308.1,TIME,-0.005530239753504086,-0.007530239753504086,-0.7530239753504085,0.5107547640800476
2025-07-07 03:00:00,109348.9,TIME,-0.004561545657980907,-0.006561545657980907,-0.6561545657980907,0.5041338801383972
2025-07-09 18:00:00,109485.6,TP,0.02,0.018000000000000002,1.8000000000000003,0.5303742289543152
2025-07-09 19:00:00,111718.8,SL,-0.01,-0.012,-1.2,0.5862178206443787
2025-07-10 12:00:00,110809.0,TP,0.02,0.018000000000000002,1.8000000000000003,0.5156985521316528
2025-07-10 21:00:00,116459.4,SL,-0.01,-0.012,-1.2,0.6915237903594971
2025-07-12 09:00:00,118119.8,SL,-0.01,-0.012,-1.2,0.5683644413948059
2025-07-12 15:00:00,117075.6,TP,0.02,0.018000000000000002,1.8000000000000003,0.6816978454589844
2025-07-12 16:00:00,117160.6,TP,0.02,0.018000000000000002,1.8000000000000003,0.589399516582489
2025-07-13 14:00:00,118713.3,TP,0.02,0.018000000000000002,1.8000000000000003,0.5087547302246094
2025-07-13 15:00:00,118610.6,TP,0.02,0.018000000000000002,1.8000000000000003,0.5349249243736267
2025-07-13 16:00:00,118466.1,TP,0.02,0.018000000000000002,1.8000000000000003,0.547951340675354
2025-07-13 17:00:00,118640.4,TP,0.02,0.018000000000000002,1.8000000000000003,0.5928529500961304
2025-07-13 18:00:00,118940.1,TP,0.02,0.018000000000000002,1.8000000000000003,0.546605110168457
2025-07-13 19:00:00,118923.0,TP,0.02,0.018000000000000002,1.8000000000000003,0.5652275085449219
2025-07-13 20:00:00,119028.7,TP,0.02,0.018000000000000002,1.8000000000000003,0.5496126413345337
2025-07-27 17:00:00,119184.4,TIME,-0.0027537160903607946,-0.004753716090360795,-0.4753716090360795,0.6821956038475037
2025-07-27 18:00:00,119008.1,TIME,-0.0010108555636129213,-0.0030108555636129213,-0.30108555636129214,0.5806790590286255
2025-07-27 19:00:00,118953.3,TIME,-0.0017090740652004014,-0.003709074065200401,-0.3709074065200401,0.5523297190666199
2025-07-27 21:00:00,119257.3,TIME,-0.005847021524049286,-0.007847021524049286,-0.7847021524049286,0.6006176471710205
2025-07-27 22:00:00,119486.6,SL,-0.01,-0.012,-1.2,0.6560133099555969
2025-07-27 23:00:00,119423.4,SL,-0.01,-0.012,-1.2,0.6327974200248718
2025-07-28 00:00:00,119228.8,SL,-0.01,-0.012,-1.2,0.6235997676849365
2025-07-28 01:00:00,119031.6,SL,-0.01,-0.012,-1.2,0.5347616672515869
2025-07-28 02:00:00,119432.6,SL,-0.01,-0.012,-1.2,0.5218532085418701
2025-07-29 07:00:00,118856.2,SL,-0.01,-0.012,-1.2,0.5329813957214355
2025-07-29 08:00:00,118887.8,SL,-0.01,-0.012,-1.2,0.5214238166809082
2025-07-31 08:00:00,118550.8,SL,-0.01,-0.012,-1.2,0.5212253332138062
2025-07-31 09:00:00,118562.4,SL,-0.01,-0.012,-1.2,0.5323229432106018
2025-08-09 04:00:00,116383.8,TP,0.02,0.018000000000000002,1.8000000000000003,0.567564070224762
2025-08-09 23:00:00,116422.1,TP,0.02,0.018000000000000002,1.8000000000000003,0.5401817560195923
2025-08-10 03:00:00,118480.1,TP,0.02,0.018000000000000002,1.8000000000000003,0.522099494934082
2025-08-10 04:00:00,118460.4,TP,0.02,0.018000000000000002,1.8000000000000003,0.5943477153778076
2025-08-10 05:00:00,117999.9,TP,0.02,0.018000000000000002,1.8000000000000003,0.5469589829444885
2025-08-10 06:00:00,118032.0,TP,0.02,0.018000000000000002,1.8000000000000003,0.6074026823043823
2025-08-10 07:00:00,117770.0,TP,0.02,0.018000000000000002,1.8000000000000003,0.5164045095443726
2025-08-11 02:00:00,121837.5,SL,-0.01,-0.012,-1.2,0.5245223045349121
2025-08-11 07:00:00,121534.8,SL,-0.01,-0.012,-1.2,0.5256112813949585
2025-08-11 14:00:00,120195.1,SL,-0.01,-0.012,-1.2,0.5029072165489197
2025-08-22 15:00:00,116319.3,SL,-0.01,-0.012,-1.2,0.521996259689331
2025-09-08 14:00:00,112586.2,SL,-0.01,-0.012,-1.2,0.580643892288208
2025-09-08 15:00:00,112573.6,SL,-0.01,-0.012,-1.2,0.6050648093223572
2025-09-08 16:00:00,112345.8,SL,-0.01,-0.012,-1.2,0.603645920753479
2025-09-08 17:00:00,112168.1,SL,-0.01,-0.012,-1.2,0.5384989380836487
2025-09-08 18:00:00,112425.3,SL,-0.01,-0.012,-1.2,0.5440225005149841
2025-09-08 19:00:00,112051.0,SL,-0.01,-0.012,-1.2,0.5716670751571655
2025-09-09 06:00:00,112989.5,SL,-0.01,-0.012,-1.2,0.5223572850227356
2025-09-09 07:00:00,112950.1,SL,-0.01,-0.012,-1.2,0.5472093224525452
2025-09-09 10:00:00,112690.2,SL,-0.01,-0.012,-1.2,0.5205808877944946
2025-09-09 11:00:00,112397.4,SL,-0.01,-0.012,-1.2,0.5072325468063354
2025-09-10 06:00:00,111742.8,TP,0.02,0.018000000000000002,1.8000000000000003,0.5171267986297607
2025-09-16 07:00:00,115799.4,SL,-0.01,-0.012,-1.2,0.5089940428733826
2025-09-16 23:00:00,116747.3,SL,-0.01,-0.012,-1.2,0.5214844942092896
2025-09-19 09:00:00,116437.7,SL,-0.01,-0.012,-1.2,0.5536524653434753
2025-09-28 21:00:00,110788.1,TP,0.02,0.018000000000000002,1.8000000000000003,0.5774998664855957
2025-09-28 22:00:00,111881.5,TP,0.02,0.018000000000000002,1.8000000000000003,0.6514688730239868
2025-09-28 23:00:00,112119.6,TP,0.02,0.018000000000000002,1.8000000000000003,0.6075958609580994
2025-09-29 00:00:00,112211.2,TP,0.02,0.018000000000000002,1.8000000000000003,0.5700510740280151
2025-09-29 01:00:00,111800.7,TP,0.02,0.018000000000000002,1.8000000000000003,0.7054569125175476
2025-09-29 02:00:00,111690.8,TP,0.02,0.018000000000000002,1.8000000000000003,0.6828256845474243
2025-09-29 03:00:00,111817.9,TP,0.02,0.018000000000000002,1.8000000000000003,0.7187312245368958
2025-09-29 04:00:00,111752.7,TP,0.02,0.018000000000000002,1.8000000000000003,0.6815438270568848
2025-09-29 05:00:00,111699.9,TP,0.02,0.018000000000000002,1.8000000000000003,0.5724170207977295
2025-09-29 07:00:00,111814.7,TP,0.02,0.018000000000000002,1.8000000000000003,0.5297611355781555
2025-09-29 08:00:00,112033.4,TP,0.02,0.018000000000000002,1.8000000000000003,0.5700070261955261
2025-09-29 09:00:00,112050.0,TP,0.02,0.018000000000000002,1.8000000000000003,0.5394928455352783
2025-09-29 14:00:00,113956.7,SL,-0.01,-0.012,-1.2,0.627284824848175
2025-09-29 17:00:00,114000.0,SL,-0.01,-0.012,-1.2,0.559932291507721
2025-09-29 18:00:00,113959.9,SL,-0.01,-0.012,-1.2,0.5046451687812805
2025-09-29 19:00:00,114204.8,SL,-0.01,-0.012,-1.2,0.5394667983055115
2025-09-29 20:00:00,114190.3,SL,-0.01,-0.012,-1.2,0.5219006538391113
2025-09-30 00:00:00,114465.8,SL,-0.01,-0.012,-1.2,0.5328349471092224
2025-09-30 01:00:00,114455.0,SL,-0.01,-0.012,-1.2,0.521371066570282
2025-09-30 03:00:00,114321.5,SL,-0.01,-0.012,-1.2,0.5927915573120117
2025-09-30 04:00:00,114037.2,SL,-0.01,-0.012,-1.2,0.5371537804603577
2025-10-01 21:00:00,117503.2,TP,0.02,0.018000000000000002,1.8000000000000003,0.512639582157135
2025-10-01 22:00:00,117695.8,TP,0.02,0.018000000000000002,1.8000000000000003,0.5040197968482971
2025-10-01 23:00:00,118552.4,TP,0.02,0.018000000000000002,1.8000000000000003,0.6200701594352722
2025-10-02 00:00:00,118397.0,TP,0.02,0.018000000000000002,1.8000000000000003,0.5822942852973938
2025-10-02 01:00:00,118577.4,TP,0.02,0.018000000000000002,1.8000000000000003,0.5496764183044434
2025-10-02 04:00:00,118616.8,TP,0.02,0.018000000000000002,1.8000000000000003,0.5289411544799805
2025-10-04 12:00:00,121955.0,TP,0.02,0.018000000000000002,1.8000000000000003,0.5292946100234985
2025-10-06 13:00:00,124967.8,SL,-0.01,-0.012,-1.2,0.5089257955551147
2025-10-14 02:00:00,113566.2,SL,-0.01,-0.012,-1.2,0.5310149788856506
2025-10-21 22:00:00,109008.0,SL,-0.01,-0.012,-1.2,0.5236363410949707
2025-10-25 15:00:00,111340.9,TP,0.02,0.018000000000000002,1.8000000000000003,0.5631589293479919
2025-10-26 04:00:00,111378.4,TP,0.02,0.018000000000000002,1.8000000000000003,0.5018441081047058
2025-10-26 09:00:00,112477.9,TP,0.02,0.018000000000000002,1.8000000000000003,0.563824474811554
2025-10-26 10:00:00,112425.2,TP,0.02,0.018000000000000002,1.8000000000000003,0.6049839854240417
2025-10-26 15:00:00,113648.1,TP,0.02,0.018000000000000002,1.8000000000000003,0.5026876330375671
2025-10-26 16:00:00,113463.3,TP,0.02,0.018000000000000002,1.8000000000000003,0.5255768895149231
2025-10-26 17:00:00,113397.1,TP,0.02,0.018000000000000002,1.8000000000000003,0.5386394262313843
2025-10-26 18:00:00,113540.8,TP,0.02,0.018000000000000002,1.8000000000000003,0.5237844586372375
2025-10-27 08:00:00,114990.2,SL,-0.01,-0.012,-1.2,0.5157432556152344
2025-11-06 14:00:00,102083.1,SL,-0.01,-0.012,-1.2,0.5625346302986145
2025-11-12 08:00:00,104100.0,SL,-0.01,-0.012,-1.2,0.511089563369751
2025-11-12 09:00:00,104475.4,SL,-0.01,-0.012,-1.2,0.5547881126403809
2025-11-20 23:00:00,86601.3,SL,-0.01,-0.012,-1.2,0.547317385673523
2025-11-21 00:00:00,87249.9,SL,-0.01,-0.012,-1.2,0.5113748908042908
2025-11-21 01:00:00,87017.4,SL,-0.01,-0.012,-1.2,0.5396274328231812
2025-11-21 04:00:00,86016.6,SL,-0.01,-0.012,-1.2,0.5343284606933594
2025-11-21 06:00:00,85541.3,SL,-0.01,-0.012,-1.2,0.5828275680541992
2025-12-07 15:00:00,89505.0,TP,0.02,0.018000000000000002,1.8000000000000003,0.5012745261192322
2025-12-15 01:00:00,89189.1,SL,-0.01,-0.012,-1.2,0.5026668906211853
2025-12-26 02:00:00,89151.8,SL,-0.01,-0.012,-1.2,0.523593008518219
2025-12-28 17:00:00,87730.1,TP,0.02,0.018000000000000002,1.8000000000000003,0.5375411510467529
2025-12-28 18:00:00,87570.1,TP,0.02,0.018000000000000002,1.8000000000000003,0.5128502249717712
2025-12-29 00:00:00,88262.2,TP,0.02,0.018000000000000002,1.8000000000000003,0.5658510327339172
2025-12-29 01:00:00,88419.3,TP,0.02,0.018000000000000002,1.8000000000000003,0.5914685726165771
2025-12-29 02:00:00,89129.1,SL,-0.01,-0.012,-1.2,0.5555081367492676
2025-12-29 07:00:00,89583.0,SL,-0.01,-0.012,-1.2,0.5177823305130005
2026-01-01 23:00:00,88800.0,TP,0.02,0.018000000000000002,1.8000000000000003,0.5208739042282104
2026-01-02 00:00:00,88794.2,TP,0.02,0.018000000000000002,1.8000000000000003,0.5782437920570374
2026-01-02 02:00:00,88600.0,TP,0.02,0.018000000000000002,1.8000000000000003,0.5038555860519409
2026-01-02 03:00:00,88899.3,TP,0.02,0.018000000000000002,1.8000000000000003,0.5231323838233948
2026-01-02 05:00:00,88720.7,TP,0.02,0.018000000000000002,1.8000000000000003,0.5028193593025208
2026-01-02 06:00:00,88899.9,TP,0.02,0.018000000000000002,1.8000000000000003,0.513109564781189
2026-01-02 07:00:00,88829.3,TP,0.02,0.018000000000000002,1.8000000000000003,0.5413579940795898
2026-01-02 08:00:00,89138.2,TP,0.02,0.018000000000000002,1.8000000000000003,0.6080098748207092
2026-01-02 09:00:00,89429.9,TP,0.02,0.018000000000000002,1.8000000000000003,0.6604022979736328
2026-01-02 10:00:00,89618.5,TP,0.02,0.018000000000000002,1.8000000000000003,0.6164692044258118
2026-01-02 11:00:00,89458.3,TP,0.02,0.018000000000000002,1.8000000000000003,0.5988345742225647
2026-01-04 01:00:00,91190.0,TP,0.02,0.018000000000000002,1.8000000000000003,0.5038570165634155
2026-01-04 03:00:00,91192.7,TP,0.02,0.018000000000000002,1.8000000000000003,0.5015936493873596
2026-01-04 06:00:00,91187.1,TP,0.02,0.018000000000000002,1.8000000000000003,0.5012133717536926
2026-01-04 07:00:00,91477.5,TIME,0.014863764313629003,0.012863764313629003,1.2863764313629003,0.5041525959968567
2026-01-04 08:00:00,91325.7,TP,0.02,0.018000000000000002,1.8000000000000003,0.5599236488342285
2026-01-04 09:00:00,91413.7,TP,0.02,0.018000000000000002,1.8000000000000003,0.5247061848640442
2026-01-04 11:00:00,91262.7,TP,0.02,0.018000000000000002,1.8000000000000003,0.5664811730384827
2026-01-04 13:00:00,91227.4,TP,0.02,0.018000000000000002,1.8000000000000003,0.5449197292327881
2026-01-04 14:00:00,91305.0,TP,0.02,0.018000000000000002,1.8000000000000003,0.5604264140129089
2026-01-04 15:00:00,91292.8,TP,0.02,0.018000000000000002,1.8000000000000003,0.5196233987808228
2026-01-04 16:00:00,91282.3,TP,0.02,0.018000000000000002,1.8000000000000003,0.5318621397018433
2026-01-14 12:00:00,95041.5,TP,0.02,0.018000000000000002,1.8000000000000003,0.5266348719596863
2026-01-26 13:00:00,87917.9,TIME,0.013215738774470373,0.011215738774470373,1.1215738774470372,0.5224949717521667
2026-01-31 16:00:00,80320.9,SL,-0.01,-0.012,-1.2,0.5371270179748535
2026-02-01 06:00:00,78262.9,SL,-0.01,-0.012,-1.2,0.5023155212402344
2026-02-03 19:00:00,74893.8,TP,0.02,0.018000000000000002,1.8000000000000003,0.5160884261131287
2026-02-03 20:00:00,76431.9,SL,-0.01,-0.012,-1.2,0.5427770018577576
2026-02-04 02:00:00,75926.8,SL,-0.01,-0.012,-1.2,0.5170785188674927
2026-02-05 00:00:00,72838.9,SL,-0.01,-0.012,-1.2,0.5002135038375854
2026-02-05 01:00:00,72389.2,SL,-0.01,-0.012,-1.2,0.5303056836128235
2026-02-05 17:00:00,66153.9,SL,-0.01,-0.012,-1.2,0.508793830871582
2026-02-05 19:00:00,65237.4,SL,-0.01,-0.012,-1.2,0.5158137083053589
2026-02-13 11:00:00,67137.8,TP,0.02,0.018000000000000002,1.8000000000000003,0.5102969408035278
2026-02-25 19:00:00,69005.2,SL,-0.01,-0.012,-1.2,0.514345109462738
2026-02-25 23:00:00,67952.5,SL,-0.01,-0.012,-1.2,0.5225367546081543
2026-02-26 16:00:00,66617.3,TP,0.02,0.018000000000000002,1.8000000000000003,0.5430375933647156
2026-02-26 18:00:00,67268.9,SL,-0.01,-0.012,-1.2,0.5392787456512451
2026-03-02 03:00:00,66787.3,SL,-0.01,-0.012,-1.2,0.5284460186958313
2026-03-02 15:00:00,69089.1,SL,-0.01,-0.012,-1.2,0.530792772769928
2026-03-05 17:00:00,70668.5,SL,-0.01,-0.012,-1.2,0.568372905254364
2026-03-09 06:00:00,67229.8,TP,0.02,0.018000000000000002,1.8000000000000003,0.5120509266853333
2026-03-09 08:00:00,67772.4,TP,0.02,0.018000000000000002,1.8000000000000003,0.510673999786377
2026-03-11 11:00:00,69144.0,TP,0.02,0.018000000000000002,1.8000000000000003,0.5400801301002502
2026-03-16 03:00:00,73539.5,TP,0.02,0.018000000000000002,1.8000000000000003,0.5348655581474304
2026-03-16 05:00:00,74176.5,SL,-0.01,-0.012,-1.2,0.5014206171035767
2026-03-16 09:00:00,73219.7,TP,0.02,0.018000000000000002,1.8000000000000003,0.587755024433136
2026-03-16 10:00:00,73745.5,SL,-0.01,-0.012,-1.2,0.5085086226463318
2026-03-16 12:00:00,73830.0,SL,-0.01,-0.012,-1.2,0.5008673071861267
2026-03-16 13:00:00,74075.0,SL,-0.01,-0.012,-1.2,0.5177984833717346
2026-03-24 13:00:00,70067.0,SL,-0.01,-0.012,-1.2,0.5366169810295105
2026-03-24 23:00:00,70523.9,TP,0.02,0.018000000000000002,1.8000000000000003,0.5150769948959351
2026-04-04 15:00:00,67357.3,SL,-0.01,-0.012,-1.2,0.6384940147399902
2026-04-04 16:00:00,67335.2,SL,-0.01,-0.012,-1.2,0.5406855940818787
2026-04-05 20:00:00,67636.7,TP,0.02,0.018000000000000002,1.8000000000000003,0.5216382145881653
2026-04-05 22:00:00,68313.0,TP,0.02,0.018000000000000002,1.8000000000000003,0.6247075796127319
2026-04-07 10:00:00,68196.0,TP,0.02,0.018000000000000002,1.8000000000000003,0.5291783809661865
2026-04-07 22:00:00,71479.9,TIME,-0.006180758506936753,-0.008180758506936753,-0.8180758506936753,0.5274590849876404
2026-04-08 10:00:00,71445.7,SL,-0.01,-0.012,-1.2,0.5151665806770325
2026-04-12 18:00:00,71092.6,TP,0.02,0.018000000000000002,1.8000000000000003,0.5208553075790405
2026-04-13 22:00:00,74599.9,TIME,-0.0040630081273566225,-0.006063008127356623,-0.6063008127356623,0.5246990919113159
2026-04-22 19:00:00,78791.3,SL,-0.01,-0.012,-1.2,0.559288501739502
2026-04-22 20:00:00,78395.8,SL,-0.01,-0.012,-1.2,0.5241747498512268
2026-04-26 23:00:00,78613.5,SL,-0.01,-0.012,-1.2,0.5349305272102356
2026-05-03 04:00:00,78132.3,TP,0.02,0.018000000000000002,1.8000000000000003,0.5467616319656372
2026-05-03 05:00:00,78208.5,TP,0.02,0.018000000000000002,1.8000000000000003,0.5350397229194641
2026-05-03 06:00:00,78249.0,TP,0.02,0.018000000000000002,1.8000000000000003,0.5140108466148376
2026-05-03 22:00:00,79141.4,SL,-0.01,-0.012,-1.2,0.5242645740509033
2026-05-04 01:00:00,79755.9,SL,-0.01,-0.012,-1.2,0.5197765231132507
2026-05-04 02:00:00,80136.6,SL,-0.01,-0.012,-1.2,0.5083537101745605
2026-05-07 03:00:00,80797.3,SL,-0.01,-0.012,-1.2,0.5062040686607361
2026-05-10 06:00:00,80700.0,TP,0.02,0.018000000000000002,1.8000000000000003,0.5602996349334717
2026-05-10 07:00:00,80695.9,TP,0.02,0.018000000000000002,1.8000000000000003,0.5385109782218933
2026-05-10 08:00:00,80797.1,TP,0.02,0.018000000000000002,1.8000000000000003,0.598810076713562
2026-05-10 09:00:00,80766.9,TP,0.02,0.018000000000000002,1.8000000000000003,0.592825174331665
2026-05-10 10:00:00,80836.5,TP,0.02,0.018000000000000002,1.8000000000000003,0.6684779524803162
2026-05-10 11:00:00,80782.1,TP,0.02,0.018000000000000002,1.8000000000000003,0.5846344828605652
2026-05-10 15:00:00,81381.4,SL,-0.01,-0.012,-1.2,0.63560950756073
2026-05-10 16:00:00,81338.7,SL,-0.01,-0.012,-1.2,0.5902945399284363
2026-05-10 17:00:00,81441.5,SL,-0.01,-0.012,-1.2,0.5782254338264465
2026-05-10 18:00:00,81235.1,SL,-0.01,-0.012,-1.2,0.5299895405769348
2026-05-10 19:00:00,81398.0,SL,-0.01,-0.012,-1.2,0.5172660946846008
2026-05-10 22:00:00,82013.3,SL,-0.01,-0.012,-1.2,0.5251535773277283
2026-05-11 19:00:00,81917.1,SL,-0.01,-0.012,-1.2,0.5353829860687256
2026-05-24 10:00:00,77163.4,SL,-0.01,-0.012,-1.2,0.508522629737854
2026-05-24 11:00:00,77289.5,SL,-0.01,-0.012,-1.2,0.5055136680603027
2026-05-24 12:00:00,77077.9,SL,-0.01,-0.012,-1.2,0.5673341751098633
2026-06-02 15:00:00,67274.0,SL,-0.01,-0.012,-1.2,0.5040309429168701
2026-06-02 22:00:00,66354.2,SL,-0.01,-0.012,-1.2,0.5040444135665894
2026-06-03 23:00:00,64117.7,SL,-0.01,-0.012,-1.2,0.5159411430358887
2026-06-04 01:00:00,62140.3,SL,-0.01,-0.012,-1.2,0.5159976482391357
2026-06-05 18:00:00,59362.2,TP,0.02,0.018000000000000002,1.8000000000000003,0.534088671207428
2026-06-14 21:00:00,65284.4,TP,0.02,0.018000000000000002,1.8000000000000003,0.5285605192184448
2026-06-17 04:00:00,65852.5,SL,-0.01,-0.012,-1.2,0.5597227811813354
2026-06-17 05:00:00,65796.1,SL,-0.01,-0.012,-1.2,0.5885111689567566
2026-06-21 05:00:00,64226.5,SL,-0.01,-0.012,-1.2,0.5082682967185974
2026-06-21 06:00:00,64270.0,SL,-0.01,-0.012,-1.2,0.5093894004821777
2026-06-21 07:00:00,64170.1,SL,-0.01,-0.012,-1.2,0.5549031496047974
2026-06-29 04:00:00,59806.2,SL,-0.01,-0.012,-1.2,0.5191717147827148
2026-07-05 15:00:00,62711.9,TP,0.02,0.018000000000000002,1.8000000000000003,0.508919894695282
2026-07-05 16:00:00,62612.0,TP,0.02,0.018000000000000002,1.8000000000000003,0.5635862946510315
2026-07-05 17:00:00,62601.3,TP,0.02,0.018000000000000002,1.8000000000000003,0.5666468143463135
2026-07-05 22:00:00,63717.1,SL,-0.01,-0.012,-1.2,0.5667690634727478
2026-07-05 23:00:00,63617.1,SL,-0.01,-0.012,-1.2,0.5207958817481995
2026-07-06 00:00:00,63728.4,SL,-0.01,-0.012,-1.2,0.5121530294418335
2026-07-19 05:00:00,64695.1,SL,-0.01,-0.012,-1.2,0.5704700350761414
2026-07-19 06:00:00,64682.3,SL,-0.01,-0.012,-1.2,0.5840063095092773
2026-07-19 07:00:00,64692.2,SL,-0.01,-0.012,-1.2,0.6130021214485168
2026-07-19 08:00:00,64678.1,SL,-0.01,-0.012,-1.2,0.7137744426727295
2026-07-19 09:00:00,64495.2,SL,-0.01,-0.012,-1.2,0.5831093788146973
2026-07-19 10:00:00,64561.4,SL,-0.01,-0.012,-1.2,0.5187183618545532
2026-07-19 11:00:00,64445.7,SL,-0.01,-0.012,-1.2,0.5636962056159973
2026-07-20 03:00:00,64839.4,SL,-0.01,-0.012,-1.2,0.5135106444358826
2026-07-22 10:00:00,66016.2,SL,-0.01,-0.012,-1.2,0.5632475018501282
2026-07-22 11:00:00,65981.4,SL,-0.01,-0.012,-1.2,0.5169339179992676
2026-07-22 12:00:00,65604.2,SL,-0.01,-0.012,-1.2,0.5917043685913086
2026-07-26 22:00:00,65384.7,SL,-0.01,-0.012,-1.2,0.6492242217063904
2026-07-26 23:00:00,65375.1,SL,-0.01,-0.012,-1.2,0.6677216291427612
2026-07-27 00:00:00,65106.0,SL,-0.01,-0.012,-1.2,0.5946530103683472
2026-07-27 01:00:00,65179.8,SL,-0.01,-0.012,-1.2,0.5565879940986633
2026-07-27 02:00:00,65145.7,SL,-0.01,-0.012,-1.2,0.5572082996368408
2026-07-27 03:00:00,65261.5,SL,-0.01,-0.012,-1.2,0.5904904007911682
2026-07-27 04:00:00,65257.2,SL,-0.01,-0.012,-1.2,0.5756691098213196
2026-07-27 05:00:00,65434.3,SL,-0.01,-0.012,-1.2,0.5488548874855042
2026-07-27 06:00:00,65388.0,SL,-0.01,-0.012,-1.2,0.5982356071472168
2026-07-27 07:00:00,65195.9,SL,-0.01,-0.012,-1.2,0.5301325917243958
2026-08-02 07:00:00,63468.1,SL,-0.01,-0.012,-1.2,0.5292924046516418
2026-08-09 15:00:00,65207.7,SL,-0.01,-0.012,-1.2,0.5218325853347778
2026-08-09 17:00:00,65170.0,SL,-0.01,-0.012,-1.2,0.5107651948928833
2026-08-09 18:00:00,65167.1,SL,-0.01,-0.012,-1.2,0.5010288953781128
2026-08-09 22:00:00,65046.3,SL,-0.01,-0.012,-1.2,0.5992890000343323
2026-08-09 23:00:00,64867.8,SL,-0.01,-0.012,-1.2,0.6058165431022644
2026-08-10 00:00:00,64945.3,SL,-0.01,-0.012,-1.2,0.5135341286659241
2026-08-10 01:00:00,65172.9,SL,-0.01,-0.012,-1.2,0.5119408965110779
2026-08-18 15:00:00,64823.9,SL,-0.01,-0.012,-1.2,0.5507898926734924
2026-08-18 16:00:00,64804.7,SL,-0.01,-0.012,-1.2,0.5117533802986145
2026-08-18 21:00:00,64576.0,TP,0.02,0.018000000000000002,1.8000000000000003,0.519845187664032
2026-08-19 04:00:00,64285.4,TP,0.02,0.018000000000000002,1.8000000000000003,0.5201355814933777
2026-08-19 05:00:00,64209.1,TP,0.02,0.018000000000000002,1.8000000000000003,0.5013785362243652
2026-08-19 08:00:00,64385.0,TP,0.02,0.018000000000000002,1.8000000000000003,0.5137667655944824
2026-08-19 09:00:00,64395.3,TP,0.02,0.018000000000000002,1.8000000000000003,0.5325660109519958
2026-08-19 11:00:00,64479.0,TP,0.02,0.018000000000000002,1.8000000000000003,0.5470104217529297
2026-08-19 12:00:00,64857.3,TP,0.02,0.018000000000000002,1.8000000000000003,0.5651422739028931
2026-08-19 14:00:00,65895.6,TP,0.02,0.018000000000000002,1.8000000000000003,0.5963987112045288
2026-08-19 22:00:00,69227.1,TP,0.02,0.018000000000000002,1.8000000000000003,0.5447413325309753
2026-08-20 00:00:00,69389.1,TP,0.02,0.018000000000000002,1.8000000000000003,0.6116093993186951
2026-08-20 01:00:00,69691.4,SL,-0.01,-0.012,-1.2,0.5866826772689819
2026-08-20 02:00:00,69284.6,TP,0.02,0.018000000000000002,1.8000000000000003,0.5731077194213867
2026-08-20 03:00:00,69183.5,TP,0.02,0.018000000000000002,1.8000000000000003,0.5444163084030151
2026-08-20 04:00:00,69480.1,TP,0.02,0.018000000000000002,1.8000000000000003,0.586755096912384
2026-08-22 08:00:00,77193.5,SL,-0.01,-0.012,-1.2,0.7152403593063354
2026-08-22 09:00:00,77047.5,SL,-0.01,-0.012,-1.2,0.661868691444397
2026-08-22 10:00:00,76975.7,SL,-0.01,-0.012,-1.2,0.665212094783783
2026-08-22 11:00:00,77137.9,SL,-0.01,-0.012,-1.2,0.5651103258132935
2026-08-22 12:00:00,77295.6,SL,-0.01,-0.012,-1.2,0.6595175266265869
2026-08-22 13:00:00,77290.6,SL,-0.01,-0.012,-1.2,0.6903970837593079
2026-08-22 14:00:00,77018.6,SL,-0.01,-0.012,-1.2,0.756386935710907
2026-08-22 15:00:00,76995.6,SL,-0.01,-0.012,-1.2,0.7225780487060547
2026-08-22 17:00:00,77289.2,SL,-0.01,-0.012,-1.2,0.588181734085083
2026-08-22 18:00:00,77276.5,SL,-0.01,-0.012,-1.2,0.546110212802887
2026-08-22 19:00:00,77422.4,SL,-0.01,-0.012,-1.2,0.5481943488121033
2026-08-22 20:00:00,77330.3,SL,-0.01,-0.012,-1.2,0.6920807957649231
2026-08-22 21:00:00,76862.8,SL,-0.01,-0.012,-1.2,0.7581228613853455
2026-08-22 22:00:00,77000.8,SL,-0.01,-0.012,-1.2,0.7133142352104187
2026-08-22 23:00:00,77084.5,SL,-0.01,-0.012,-1.2,0.6861361861228943
2026-08-23 00:00:00,77308.0,SL,-0.01,-0.012,-1.2,0.7538039684295654
2026-08-23 01:00:00,77202.1,SL,-0.01,-0.012,-1.2,0.7660841345787048
2026-08-23 02:00:00,77080.6,SL,-0.01,-0.012,-1.2,0.828366219997406
2026-08-23 03:00:00,76941.1,SL,-0.01,-0.012,-1.2,0.8580841422080994
2026-08-23 04:00:00,76610.7,SL,-0.01,-0.012,-1.2,0.6858482956886292
2026-08-23 05:00:00,76064.9,TP,0.02,0.018000000000000002,1.8000000000000003,0.5801258683204651
2026-08-23 06:00:00,76110.3,TP,0.02,0.018000000000000002,1.8000000000000003,0.6063046455383301
2026-08-23 07:00:00,76020.3,TP,0.02,0.018000000000000002,1.8000000000000003,0.5853177905082703
2026-08-23 08:00:00,76486.5,TP,0.02,0.018000000000000002,1.8000000000000003,0.635331928730011
2026-08-26 14:00:00,77764.4,TP,0.02,0.018000000000000002,1.8000000000000003,0.5540444850921631
2026-08-30 16:00:00,79304.9,SL,-0.01,-0.012,-1.2,0.5148207545280457
